0	102020547	Ende		locality	1
0	102019807	Maumere		locality	1
Lippo Karawaci 1600 Tangerang 15811	102021535	Banten		locality	1
â€Ž15414	102018849	Tangerang		locality	1
0343	102019503	Pasuruan		locality	2
00362	102022143	Bali		locality	1
1234	102020785	Bukittinggi		locality	1
1750	890499345	Pekayon		locality	1
2435	102018443	Lhokseumawe		locality	1
2821	1125783403	Pekanbaru		locality	1
8500	102021397	Kupang		locality	2
10110	102020435	DKI Jakarta		locality	10
10110	102021905	Jakarta		locality	9
10120	102021905	Jakarta		locality	15
10120	102020435	DKI Jakarta		locality	1
10130	102021905	Jakarta		locality	13
10130	102020435	DKI Jakarta		locality	5
10150	102021905	Jakarta		locality	4
10150	102020435	DKI Jakarta		locality	2
10160	102021905	Jakarta		locality	6
10160	102020435	DKI Jakarta		locality	4
10210	102020435	DKI Jakarta		locality	15
10210	102021905	Jakarta		locality	1
10220	102021905	Jakarta		locality	12
10220	102020435	DKI Jakarta		locality	4
10230	102021905	Jakarta		locality	6
10230	102020435	DKI Jakarta		locality	2
10240	102021905	Jakarta		locality	4
10240	102020435	DKI Jakarta		locality	1
10250	102021905	Jakarta		locality	1
10250	102020435	DKI Jakarta		locality	1
10260	102020435	DKI Jakarta		locality	4
10260	102021905	Jakarta		locality	1
10270	102020435	DKI Jakarta		locality	15
10270	102021905	Jakarta		locality	3
10310	102021905	Jakarta		locality	24
10310	102020435	DKI Jakarta		locality	5
10320	102021905	Jakarta		locality	6
10320	102020435	DKI Jakarta		locality	3
10330	102021905	Jakarta		locality	13
10330	102020435	DKI Jakarta		locality	4
10340	102021905	Jakarta		locality	19
10340	102020435	DKI Jakarta		locality	7
10350	102021905	Jakarta		locality	15
10350	102020435	DKI Jakarta		locality	1
10350	102020583	Denpasar		locality	1
10410	102021905	Jakarta		locality	3
10420	102021905	Jakarta		locality	1
10430	102020435	DKI Jakarta		locality	9
10430	102021905	Jakarta		locality	1
10440	102020435	DKI Jakarta		locality	4
10440	102021905	Jakarta		locality	3
10450	102020435	DKI Jakarta		locality	4
10450	102021905	Jakarta		locality	2
10510	102021905	Jakarta		locality	6
10510	102020435	DKI Jakarta		locality	2
10520	102021905	Jakarta		locality	2
10520	102020435	DKI Jakarta		locality	1
10530	102021905	Jakarta		locality	1
10540	102021905	Jakarta		locality	1
10560	102021905	Jakarta		locality	1
10570	102021905	Jakarta		locality	6
10610	102021905	Jakarta		locality	3
10610	102020435	DKI Jakarta		locality	2
10620	102021905	Jakarta		locality	3
10620	102020435	DKI Jakarta		locality	3
10630	102021905	Jakarta		locality	4
10630	102020435	DKI Jakarta		locality	1
10640	102020435	DKI Jakarta		locality	6
10640	102021905	Jakarta		locality	3
10710	102021905	Jakarta		locality	16
10710	102020435	DKI Jakarta		locality	8
10720	102021905	Jakarta		locality	5
10720	102020435	DKI Jakarta		locality	3
10730	102020435	DKI Jakarta		locality	3
10730	102021905	Jakarta		locality	2
10730	890499507	Sawah		locality	1
10740	102021905	Jakarta		locality	1
10740	102020435	DKI Jakarta		locality	1
10750	102021905	Jakarta		locality	2
11066	102020435	DKI Jakarta		locality	1
11110	102021905	Jakarta		locality	7
11120	102020435	DKI Jakarta		locality	2
11130	102021905	Jakarta		locality	2
11140	102021905	Jakarta		locality	1
11150	102021905	Jakarta		locality	5
11150	102020435	DKI Jakarta		locality	1
11151	102018849	Tangerang		locality	1
11160	102021905	Jakarta		locality	5
11170	102021905	Jakarta		locality	4
11180	102021905	Jakarta		locality	11
11240	102020435	DKI Jakarta		locality	1
11250	102021905	Jakarta		locality	1
11260	102020435	DKI Jakarta		locality	1
11320	102021905	Jakarta		locality	2
11410	102020435	DKI Jakarta		locality	5
11420	102020435	DKI Jakarta		locality	3
11420	102020215	Kemanggisan		locality	1
11430	102020435	DKI Jakarta		locality	1
11440	102021905	Jakarta		locality	3
11440	102020435	DKI Jakarta		locality	1
11450	102021905	Jakarta		locality	7
11460	102020435	DKI Jakarta		locality	3
11470	102020435	DKI Jakarta		locality	18
11470	102020489	Grogol		locality	1
11480	102020435	DKI Jakarta		locality	8
11480	102021905	Jakarta		locality	1
11510	102020435	DKI Jakarta		locality	8
11510	102020237	Kebonjeruk		locality	1
11513	102018849	Tangerang		locality	1
11520	102020435	DKI Jakarta		locality	5
11530	102020435	DKI Jakarta		locality	15
11530	102020213	Kembangan		locality	1
11540	102020435	DKI Jakarta		locality	1
11550	102020435	DKI Jakarta		locality	1
11550.	102020435	DKI Jakarta		locality	1
11610	102020435	DKI Jakarta		locality	14
11610	102020213	Kembangan		locality	2
11620	102020435	DKI Jakarta		locality	10
11620	102020213	Kembangan		locality	1
11630	102020435	DKI Jakarta		locality	1
11640	102020435	DKI Jakarta		locality	2
11650	102020435	DKI Jakarta		locality	4
11710	102021905	Jakarta		locality	1
11720	102020435	DKI Jakarta		locality	2
11730	102020435	DKI Jakarta		locality	31
11740	102020435	DKI Jakarta		locality	5
11750	102020435	DKI Jakarta		locality	1
11810	102020435	DKI Jakarta		locality	3
11820	102020435	DKI Jakarta		locality	4
11830	102020435	DKI Jakarta		locality	1
11840	102020435	DKI Jakarta		locality	9
11840	102021905	Jakarta		locality	1
12110	102020435	DKI Jakarta		locality	2
12110	102020241	Kebayoran Baru		locality	1
12120	102020435	DKI Jakarta		locality	1
12130	102020435	DKI Jakarta		locality	13
12130	102021905	Jakarta		locality	2
12140	102020435	DKI Jakarta		locality	5
12150	102020435	DKI Jakarta		locality	6
12150	102021905	Jakarta		locality	1
12160	102020435	DKI Jakarta		locality	24
12160	102020241	Kebayoran Baru		locality	1
12170	102020435	DKI Jakarta		locality	1
12180	102020435	DKI Jakarta		locality	5
12190	102020435	DKI Jakarta		locality	46
12210	102020435	DKI Jakarta		locality	6
12220	102020435	DKI Jakarta		locality	2
12230	102020435	DKI Jakarta		locality	3
12240	102020435	DKI Jakarta		locality	9
12270	102020435	DKI Jakarta		locality	1
12310	102020435	DKI Jakarta		locality	6
12310	102021535	Banten		locality	1
12320	102020435	DKI Jakarta		locality	2
12330	102020435	DKI Jakarta		locality	3
12330	102018849	Tangerang		locality	2
12410	102020435	DKI Jakarta		locality	3
12420	102020435	DKI Jakarta		locality	5
12430	102020435	DKI Jakarta		locality	12
12440	102020435	DKI Jakarta		locality	5
12450	102020435	DKI Jakarta		locality	3
12450	102021337	Cilandak		locality	1
12510	102020435	DKI Jakarta		locality	4
12520	102020435	DKI Jakarta		locality	7
12530	102020435	DKI Jakarta		locality	2
12540	102020435	DKI Jakarta		locality	1
12550	102020435	DKI Jakarta		locality	8
12550	102020217	Kemang		locality	1
12560	102020435	DKI Jakarta		locality	4
12610	102020435	DKI Jakarta		locality	1
12620	102020435	DKI Jakarta		locality	2
12630	102021015	Bandung		locality	1
12630	102020435	DKI Jakarta		locality	1
12640	102020435	DKI Jakarta		locality	1
12710	102020435	DKI Jakarta		locality	8
12720	102020435	DKI Jakarta		locality	1
12730	102020435	DKI Jakarta		locality	14
12730	102019875	Mampang		locality	2
12740	102020435	DKI Jakarta		locality	8
12740	102021905	Jakarta		locality	5
12740	102019579	Pancoran		locality	1
12750	102021905	Jakarta		locality	3
12760	102020435	DKI Jakarta		locality	3
12770	102020435	DKI Jakarta		locality	2
12770	102021905	Jakarta		locality	2
12780	102021905	Jakarta		locality	9
12780	102020435	DKI Jakarta		locality	1
12790	102020435	DKI Jakarta		locality	12
12810	102021905	Jakarta		locality	16
12810	102020435	DKI Jakarta		locality	4
12820	102021905	Jakarta		locality	6
12830	102020435	DKI Jakarta		locality	3
12830	102021905	Jakarta		locality	3
12850	102020435	DKI Jakarta		locality	3
12850	102021905	Jakarta		locality	3
12860	102020435	DKI Jakarta		locality	1
12860	102021905	Jakarta		locality	1
12870	102021905	Jakarta		locality	11
12870	102020435	DKI Jakarta		locality	3
12910	102021905	Jakarta		locality	23
12910	102020435	DKI Jakarta		locality	6
12920	102021905	Jakarta		locality	17
12920	102020435	DKI Jakarta		locality	12
12920	102020393	West Java		locality	1
12929	102020435	DKI Jakarta		locality	1
12930	102020435	DKI Jakarta		locality	8
12940	102021905	Jakarta		locality	12
12940	102020435	DKI Jakarta		locality	9
12950	102020435	DKI Jakarta		locality	16
12950	102021905	Jakarta		locality	6
12950	102018849	Tangerang		locality	1
12960	102020435	DKI Jakarta		locality	2
12960	102021905	Jakarta		locality	2
12970	102020435	DKI Jakarta		locality	2
12980	102020435	DKI Jakarta		locality	2
12980	102021905	Jakarta		locality	1
13110	102020435	DKI Jakarta		locality	7
13120	102020435	DKI Jakarta		locality	3
13140	102021905	Jakarta		locality	2
13150	102020435	DKI Jakarta		locality	2
13150	102021905	Jakarta		locality	1
13210	102020435	DKI Jakarta		locality	2
13210	102021905	Jakarta		locality	2
13220	102021905	Jakarta		locality	9
13220	102020435	DKI Jakarta		locality	8
13230	102020435	DKI Jakarta		locality	3
13230	102021905	Jakarta		locality	1
13240	102021905	Jakarta		locality	2
13250	102020435	DKI Jakarta		locality	2
13250	102021905	Jakarta		locality	1
13260	102021905	Jakarta		locality	3
13260	102020435	DKI Jakarta		locality	2
13310	102020435	DKI Jakarta		locality	2
13310	102021905	Jakarta		locality	2
13320	102020435	DKI Jakarta		locality	1
13330	102021905	Jakarta		locality	5
13330	102020435	DKI Jakarta		locality	1
13340	102021905	Jakarta		locality	3
13340	102020407	Jatinegara		locality	2
13340	102020435	DKI Jakarta		locality	1
13350	102021905	Jakarta		locality	1
13410	102020435	DKI Jakarta		locality	2
13420	102021905	Jakarta		locality	1
13430	102021905	Jakarta		locality	2
13440	102021905	Jakarta		locality	7
13440	102020435	DKI Jakarta		locality	4
13450	102021905	Jakarta		locality	2
13450	102020435	DKI Jakarta		locality	1
13450	102020393	West Java		locality	1
13460	102020435	DKI Jakarta		locality	4
13460	102021905	Jakarta		locality	2
13470	102020435	DKI Jakarta		locality	2
13470	102021905	Jakarta		locality	2
13510	102020435	DKI Jakarta		locality	3
13510	102021905	Jakarta		locality	1
13520	102020435	DKI Jakarta		locality	2
13520	102021905	Jakarta		locality	1
13530	102020435	DKI Jakarta		locality	2
13540	102020435	DKI Jakarta		locality	4
13560	102021905	Jakarta		locality	4
13560	102020435	DKI Jakarta		locality	3
13610	102020435	DKI Jakarta		locality	3
13610	102021905	Jakarta		locality	2
13620	102020435	DKI Jakarta		locality	3
13620	102021905	Jakarta		locality	1
13630	102020435	DKI Jakarta		locality	3
13630	102021905	Jakarta		locality	1
13640	102020435	DKI Jakarta		locality	1
13640	102021905	Jakarta		locality	1
13650	102021905	Jakarta		locality	3
13650	102020435	DKI Jakarta		locality	1
13710	102020393	West Java		locality	1
13720	102021905	Jakarta		locality	4
13730	102020393	West Java		locality	1
13740	102020435	DKI Jakarta		locality	1
13760	102021905	Jakarta		locality	1
13770	102020435	DKI Jakarta		locality	3
13790	102020435	DKI Jakarta		locality	1
13810	102020435	DKI Jakarta		locality	2
13810	102021189	Cipayung		locality	1
13820	102021905	Jakarta		locality	1
13840	102021535	Banten		locality	1
13840	102020435	DKI Jakarta		locality	1
13850	102020435	DKI Jakarta		locality	1
13850	102021905	Jakarta		locality	1
13880	102021905	Jakarta		locality	2
13910	102021905	Jakarta		locality	4
13910	102020435	DKI Jakarta		locality	3
13910	102020407	Jatinegara		locality	1
13920	102020435	DKI Jakarta		locality	1
13930	102021905	Jakarta		locality	2
13930	102020435	DKI Jakarta		locality	1
13940	102020435	DKI Jakarta		locality	1
13940	102021905	Jakarta		locality	1
13950	102020435	DKI Jakarta		locality	1
14120	102020435	DKI Jakarta		locality	2
14230	102018829	Tanjung Priok		locality	3
14240	102021905	Jakarta		locality	40
14240	102020435	DKI Jakarta		locality	7
14250	102021905	Jakarta		locality	7
14260	102021905	Jakarta		locality	3
14270	102021905	Jakarta		locality	1
14310	102020435	DKI Jakarta		locality	1
14310	102021905	Jakarta		locality	1
14320	102021905	Jakarta		locality	3
14320	102020435	DKI Jakarta		locality	1
14350	102021905	Jakarta		locality	11
14350	102020435	DKI Jakarta		locality	7
14350	102018829	Tanjung Priok		locality	1
14360	102021905	Jakarta		locality	1
14410	102020435	DKI Jakarta		locality	2
14420	102021905	Jakarta		locality	1
14430	102021905	Jakarta		locality	10
14430	102021071	Ancol		locality	1
14430	102020435	DKI Jakarta		locality	1
14440	102021905	Jakarta		locality	10
14440	102020435	DKI Jakarta		locality	2
14450	102021905	Jakarta		locality	16
14450	102020435	DKI Jakarta		locality	2
14460	102020435	DKI Jakarta		locality	1
14470	102020435	DKI Jakarta		locality	11
15000	102021535	Banten		locality	1
15111	102021535	Banten		locality	2
15111	102018849	Tangerang		locality	2
15112	102018849	Tangerang		locality	1
15113	102021535	Banten		locality	2
15113	102018849	Tangerang		locality	1
15115	102021535	Banten		locality	3
15117	102021535	Banten		locality	5
15117	102018849	Tangerang		locality	3
15117	102020393	West Java		locality	2
15119	102018849	Tangerang		locality	1
15121	102018849	Tangerang		locality	1
15122	102021535	Banten		locality	2
15122	102020435	DKI Jakarta		locality	2
15122	102018849	Tangerang		locality	1
15124	890499253	Benda		locality	1
15125	102021535	Banten		locality	1
15125	102018849	Tangerang		locality	1
15126	102021535	Banten		locality	2
15126	102018849	Tangerang		locality	1
15127	102018849	Tangerang		locality	2
15129	102021535	Banten		locality	1
15129	102018849	Tangerang		locality	1
15131	102019633	Padang		locality	1
15133	102021535	Banten		locality	2
15138	102018849	Tangerang		locality	1
15139	102021535	Banten		locality	1
15139	102018849	Tangerang		locality	1
15141	102018849	Tangerang		locality	2
15142	102018849	Tangerang		locality	1
15143	102018849	Tangerang		locality	2
15143	102021535	Banten		locality	1
15144	102018849	Tangerang		locality	2
15145	102018849	Tangerang		locality	1
15147	102018849	Tangerang		locality	1
15148	102018849	Tangerang		locality	1
15151	102021535	Banten		locality	2
15151	102020435	DKI Jakarta		locality	1
15154	102018849	Tangerang		locality	3
15154	102021535	Banten		locality	2
15155	102018849	Tangerang		locality	1
15156	102021535	Banten		locality	1
15157	102018849	Tangerang		locality	6
15157	102021535	Banten		locality	1
15188	102021535	Banten		locality	1
15211	102020435	DKI Jakarta		locality	2
15220	102018849	Tangerang		locality	1
15221	102021535	Banten		locality	1
15222	102021535	Banten		locality	1
15223	102021535	Banten		locality	2
15223	102018849	Tangerang		locality	1
15224	102021535	Banten		locality	2
15224	102018849	Tangerang		locality	2
15224	102020849	Bintaro		locality	1
15224	102020435	DKI Jakarta		locality	1
15225	102021535	Banten		locality	1
15225	102018849	Tangerang		locality	1
15227	102021535	Banten		locality	2
15229	102018849	Tangerang		locality	1
15235	102018849	Tangerang		locality	2
15310	102021535	Banten		locality	1
15310	102020393	West Java		locality	1
15311	102018849	Tangerang		locality	2
15312	102021535	Banten		locality	1
15313	102021535	Banten		locality	1
15314	890495155	Setu		locality	19
15317	102019081	Serpong		locality	2
15318	102019081	Serpong		locality	1
15318	102020393	West Java		locality	1
15320	102021535	Banten		locality	1
15321	102018849	Tangerang		locality	1
15322	102021535	Banten		locality	1
15322	102019081	Serpong		locality	1
15324	102018849	Tangerang		locality	1
15325	102021535	Banten		locality	4
15325	102018849	Tangerang		locality	2
15326	102021535	Banten		locality	4
15326	102019081	Serpong		locality	1
15326	102018849	Tangerang		locality	1
15330	102021535	Banten		locality	1
15332	102021535	Banten		locality	1
15411	102021535	Banten		locality	3
15411	102018849	Tangerang		locality	2
15411	102020393	West Java		locality	2
15411	102020849	Bintaro		locality	1
15412	102018849	Tangerang		locality	2
15412	102021535	Banten		locality	1
15412	102021905	Jakarta		locality	1
15413	102018849	Tangerang		locality	3
15414	102019173	Serua		locality	1
15414	102020617	Ciputat		locality	1
15414	102018849	Tangerang		locality	1
15416	102021535	Banten		locality	1
15417	102018849	Tangerang		locality	3
15417	102021535	Banten		locality	2
15417	102020581	Depok		locality	1
15417	102019587	Pamulang		locality	1
15418	102018849	Tangerang		locality	2
15418	102021535	Banten		locality	1
15419	102018849	Tangerang		locality	2
15419	102021535	Banten		locality	1
15520	102018849	Tangerang		locality	2
15520	102021535	Banten		locality	1
15710	102021535	Banten		locality	3
15710	102018849	Tangerang		locality	1
15810	102018849	Tangerang		locality	5
15810	102021535	Banten		locality	2
15810	102020435	DKI Jakarta		locality	1
15811	102018849	Tangerang		locality	11
15811	890499761	Kelapadua		locality	1
16113	102020817	Bogor		locality	3
16114	102020817	Bogor		locality	2
16117	102020817	Bogor		locality	1
16119	102020817	Bogor		locality	1
16122	102020393	West Java		locality	4
16122	102020817	Bogor		locality	1
16124	102020393	West Java		locality	3
16127	102020817	Bogor		locality	1
16127.	102020393	West Java		locality	1
16128	102020817	Bogor		locality	1
16135	102020817	Bogor		locality	1
16142	102020817	Bogor		locality	2
16143	102020817	Bogor		locality	1
16143	102020393	West Java		locality	1
16144.	102020393	West Java		locality	2
16152	102020817	Bogor		locality	2
16153	102020817	Bogor		locality	1
16153	102020393	West Java		locality	1
16154	102020817	Bogor		locality	1
16155	102020817	Bogor		locality	2
16157	102020817	Bogor		locality	1
16161	102020817	Bogor		locality	2
16162	102020817	Bogor		locality	9
16164	102020817	Bogor		locality	1
16164	102020393	West Java		locality	1
16167	102020817	Bogor		locality	1
16168	102020817	Bogor		locality	2
16235	102020581	Depok		locality	5
16235	102021175	Beji		locality	1
16235	102020393	West Java		locality	1
16320	102020817	Bogor		locality	2
16320	102021185	Bojonggede		locality	1
16330	102020817	Bogor		locality	6
16340	102020889	Bekasi		locality	16
16340	102022531	Bogor		locality	1
16411	102020393	West Java		locality	2
16411	102020581	Depok		locality	1
16412	102022009	Depok		locality	2
16412	102020581	Depok		locality	1
16412	102020393	West Java		locality	1
16413	102020581	Depok		locality	1
16414	102022009	Depok		locality	2
16414	890498577	Cilodong		locality	1
16415	102022009	Depok		locality	2
16416	102022009	Depok		locality	1
16416	102020393	West Java		locality	1
16418	102022009	Depok		locality	5
16421	102020581	Depok		locality	10
16421	102021175	Beji		locality	1
16423	102020581	Depok		locality	2
16424	102020581	Depok		locality	6
16424	102020393	West Java		locality	4
16424	102021175	Beji		locality	1
16425	102020581	Depok		locality	4
16430	102020393	West Java		locality	1
16431	102020435	DKI Jakarta		locality	12
16431	102020581	Depok		locality	11
16431	102020393	West Java		locality	9
16431	102021175	Beji		locality	1
16432	102020581	Depok		locality	3
16433	102020581	Depok		locality	3
16434	102020393	West Java		locality	1
16436	102020581	Depok		locality	6
16436	102020393	West Java		locality	1
16437	102020581	Depok		locality	1
16439	102020581	Depok		locality	2
16451	102020647	Cimanggis		locality	1
16451	102022009	Depok		locality	1
16452	102022531	Bogor		locality	1
16453	102022009	Depok		locality	1
16454	102022009	Depok		locality	2
16458	102020647	Cimanggis		locality	1
16458	102022009	Depok		locality	1
16511	102020581	Depok		locality	1
16512	102020581	Depok		locality	3
16514	102020581	Depok		locality	5
16514	102020393	West Java		locality	2
16515	102020581	Depok		locality	6
16516	102020581	Depok		locality	3
16517	102020581	Depok		locality	1
16518	102020581	Depok		locality	23
16518	102020817	Bogor		locality	1
16620	102020817	Bogor		locality	2
16680	102020817	Bogor		locality	4
16710	102020393	West Java		locality	1
16720	102020817	Bogor		locality	3
16750	102020817	Bogor		locality	2
16750	102020393	West Java		locality	1
16810	102020817	Bogor		locality	3
16820	102020655	Cileungsi		locality	9
16820	102022531	Bogor		locality	2
16820	102020393	West Java		locality	1
16911	102020689	Cibinong		locality	1
16914	890498927	Rajeg		locality	2
16915	102020689	Cibinong		locality	1
16917	102020817	Bogor		locality	1
16922	102020393	West Java		locality	1
16941	102022009	Depok		locality	1
16951	102022009	Depok		locality	3
16951	102020393	West Java		locality	1
16961	102022531	Bogor		locality	1
16967	102022531	Bogor		locality	1
16967	102021905	Jakarta		locality	1
16969	102020815	Bogor		locality	7
16969	102020393	West Java		locality	1
17111	102020889	Bekasi		locality	2
17112	102020889	Bekasi		locality	5
17113	102020889	Bekasi		locality	3
17113	102020393	West Java		locality	1
17114	102020889	Bekasi		locality	14
17115	102020889	Bekasi		locality	2
17116	102020889	Bekasi		locality	1
17121	102020889	Bekasi		locality	4
17122	102020889	Bekasi		locality	1
17123	102020889	Bekasi		locality	2
17124	102020889	Bekasi		locality	2
17125	102020889	Bekasi		locality	1
17131	102020889	Bekasi		locality	2
17132	102020889	Bekasi		locality	4
17132	102020393	West Java		locality	1
17134	102020889	Bekasi		locality	2
17134	102020393	West Java		locality	1
17135	102020889	Bekasi		locality	2
17136	102020393	West Java		locality	2
17141	102020393	West Java		locality	3
17141	102020889	Bekasi		locality	1
17142	102020393	West Java		locality	4
17143	102020393	West Java		locality	2
17144	102020393	West Java		locality	6
17144	102020889	Bekasi		locality	1
17145	102020889	Bekasi		locality	4
17147	102020889	Bekasi		locality	3
17147	102020393	West Java		locality	1
17148	102020889	Bekasi		locality	5
17148	102020393	West Java		locality	5
17151	102020889	Bekasi		locality	1
17155	102020889	Bekasi		locality	1
17155	102020393	West Java		locality	1
17156	102020889	Bekasi		locality	3
17181	102020889	Bekasi		locality	1
17215	102020889	Bekasi		locality	1
17411	102020889	Bekasi		locality	3
17411	102021905	Jakarta		locality	1
17411	102020393	West Java		locality	1
17412	102020889	Bekasi		locality	1
17413	102020889	Bekasi		locality	1
17414	102020889	Bekasi		locality	3
17414	102020393	West Java		locality	1
17415	102020889	Bekasi		locality	3
17422	102020889	Bekasi		locality	1
17423	102020889	Bekasi		locality	4
17423	102020393	West Java		locality	1
17424	102021343	Jatiasih		locality	4
17432	102020889	Bekasi		locality	2
17433	102020889	Bekasi		locality	1
17433	102020393	West Java		locality	1
17435	102020889	Bekasi		locality	2
17435	102020393	West Java		locality	2
17510	102020889	Bekasi		locality	5
17510	102018865	Tambun		locality	1
17510	102020393	West Java		locality	1
17520	102020889	Bekasi		locality	1
17520	102021909	Cikarang		locality	1
17530	102020889	Bekasi		locality	5
17550	102020889	Bekasi		locality	4
17581	102020889	Bekasi		locality	1
17705	102021905	Jakarta		locality	1
19120	102018849	Tangerang		locality	1
20111	102018433	Medan		locality	8
20112	102018433	Medan		locality	11
20113	102018433	Medan		locality	1
20114	102018433	Medan		locality	2
20118	102018433	Medan		locality	1
20119	102018433	Medan		locality	1
20122	102018433	Medan		locality	3
20123	102018433	Medan		locality	3
20132	102018433	Medan		locality	1
20143	102018433	Medan		locality	2
20147	102018433	Medan		locality	5
20151	102018433	Medan		locality	4
20152	102018433	Medan		locality	8
20155	102018433	Medan		locality	1
20159	102018433	Medan		locality	1
20211	102018433	Medan		locality	1
20212	102018433	Medan		locality	4
20213	102018433	Medan		locality	2
20214	102018433	Medan		locality	2
20215	102018433	Medan		locality	1
20216	102018433	Medan		locality	3
20219	102018433	Medan		locality	1
20222	102018433	Medan		locality	3
20224	102018433	Medan		locality	1
20227	102018433	Medan		locality	1
20233	102018433	Medan		locality	2
20234	102018433	Medan		locality	3
20236	102018433	Medan		locality	1
20238	102018433	Medan		locality	1
20353	102018403	Pancur Batu		locality	3
20362	102018433	Medan		locality	1
20371	102018433	Medan		locality	2
20411	102018433	Medan		locality	1
20774	102018513	Bohorok		locality	1
21222	102018433	Medan		locality	1
21411	102022657	Rantau Prapat		locality	1
22715	102018407	Padang Sidempuan		locality	1
22718	102018407	Padang Sidempuan		locality	1
22722	102018407	Padang Sidempuan		locality	1
22723	102018407	Padang Sidempuan		locality	3
22725	1125782765	Padang Sidempuan		locality	6
22852	1125837143	Gunungsitoli		locality	2
22919	102018389	Panyabungan		locality	1
23111	102018543	Banda Aceh		locality	4
23116	102018543	Banda Aceh		locality	2
23123	102018543	Banda Aceh		locality	1
23126	102018543	Banda Aceh		locality	1
23231	102018543	Banda Aceh		locality	2
24351	102018443	Lhokseumawe		locality	15
24353	102018443	Lhokseumawe		locality	497
24411	1125903981	Sabang		locality	1
24415	102018543	Banda Aceh		locality	1
25000	102019633	Padang		locality	1
25114	102019633	Padang		locality	1
25119	102019633	Padang		locality	1
25121	102019633	Padang		locality	1
25131	102019633	Padang		locality	1
25132	102019633	Padang		locality	2
25136	102019633	Padang		locality	2
25139	102019633	Padang		locality	2
25143	102019633	Padang		locality	4
25146	102019633	Padang		locality	3
25157	102019633	Padang		locality	2
25163	102019633	Padang		locality	7
25171	102019633	Padang		locality	1
25233	102019633	Padang		locality	1
25517	102019525	Pariaman		locality	1
25518	102019525	Pariaman		locality	1
25561	102019525	Pariaman		locality	3
25581	102019629	Kabupaten Padang Pariaman		locality	4
25586	102019629	Kabupaten Padang Pariaman		locality	3
26112	102020785	Bukittinggi		locality	2
26115	102020785	Bukittinggi		locality	1
26122	102020785	Bukittinggi		locality	1
26126	102020785	Bukittinggi		locality	2
26191	102021109	Kabupaten Agam		locality	1
26286	1125783403	Pekanbaru		locality	1
27511	102019053	Sijunjung		locality	7
28111	1125783403	Pekanbaru		locality	1
28122	102019475	Pekanbaru		locality	4
28126	102019475	Pekanbaru		locality	2
28128	102019475	Pekanbaru		locality	1
28131	1125783403	Pekanbaru		locality	2
28132	1125783403	Pekanbaru		locality	1
28144	1125783403	Pekanbaru		locality	1
28155	1125783403	Pekanbaru		locality	2
28156	102019475	Pekanbaru		locality	2
28193	102019475	Pekanbaru		locality	1
28234	1125783403	Pekanbaru		locality	1
28261	1125783403	Pekanbaru		locality	17
28265	1125783403	Pekanbaru		locality	2
28266	102019475	Pekanbaru		locality	6
28268	1125783403	Pekanbaru		locality	1
28271	1125783403	Pekanbaru		locality	3
28271	1125881409	Rumbai		locality	1
28281	102019475	Pekanbaru		locality	4
28282	102019475	Pekanbaru		locality	5
28284	102019475	Pekanbaru		locality	20
28285	102019475	Pekanbaru		locality	1
28291	102019475	Pekanbaru		locality	14
28292	1125783403	Pekanbaru		locality	33
28293	102019475	Pekanbaru		locality	87
28294	102019475	Pekanbaru		locality	26
28411	102020997	Bangkinang		locality	4
28412	102020997	Bangkinang		locality	1
28452	1125945565	Karanganunggi		locality	1
28461	102020083	Kubu		locality	1
28464	102021775	Kampar		locality	2
28557	102019505	Pasir Pengaraian		locality	3
28712	102020875	Bengkalis		locality	11
28713	102020875	Bengkalis		locality	4
28714	102020875	Bengkalis		locality	33
28725	102020875	Bengkalis		locality	8
28725	102019475	Pekanbaru		locality	3
28751	1125865943	Bengkalis		locality	1
28752	102020875	Bengkalis		locality	43
28772	1125783403	Pekanbaru		locality	1
28815	1126040477	Dumai		locality	1
28882	102020555	Dumai		locality	4
28884	102022661	Duri		locality	2
29282	102019475	Pekanbaru		locality	1
29422	102020939	Batam		locality	1
29425	102020939	Batam		locality	1
29426	102020939	Batam		locality	1
29427	102020939	Batam		locality	3
29432	102020939	Batam		locality	2
29433	102020939	Batam		locality	3
29439	102020939	Batam		locality	1
29444	102020939	Batam		locality	21
29464	102020939	Batam		locality	1
29466	102020939	Batam		locality	1
29563	102019633	Padang		locality	1
30114	102019607	Palembang		locality	7
30116	102019607	Palembang		locality	1
30117	102019607	Palembang		locality	2
30163	102019607	Palembang		locality	3
30252	102019607	Palembang		locality	1
30651	102020245	Kayuagung		locality	1
30661	102018823	Tanjung Raja		locality	1
31173	102019731	Muara Enim		locality	2
33125	102019549	Pangkal Pinang		locality	66
33148	102019549	Pangkal Pinang		locality	5
33183	102018723	Toboali		locality	12
33211	102018925	Sungailiat		locality	1
33215	102018925	Sungailiat		locality	6
33411	102018831	Tanjung Pandan		locality	1
33512	102019855	Manggar		locality	3
34552	102020123	Kotabumi		locality	2
34593	102019585	Panaragan		locality	1
34812	102019955	Liwa		locality	1
35119	102018833	Tanjungkarang		locality	1
35142	102018833	Tanjungkarang		locality	1
35150	102018833	Tanjungkarang		locality	1
35152	102018833	Tanjungkarang		locality	2
35153	102018833	Tanjungkarang		locality	2
36127	102020423	Jambi City		locality	1
36128	102020423	Jambi City		locality	2
36129	102020423	Jambi City		locality	3
36139	102020423	Jambi City		locality	1
36361	102020423	Jambi City		locality	1
36553	102020423	Jambi City		locality	1
36811	102019583	Pancor		locality	1
37171	102021763	Kerinci		locality	4
37174	102018923	Sungai Penuh		locality	1
38119	102020871	Bengkulu		locality	1
38229	102020871	Bengkulu		locality	1
38371	102020871	Bengkulu		locality	23
38884	102022661	Duri		locality	1
40111	102021015	Bandung		locality	11
40111	102020393	West Java		locality	2
40112	102021015	Bandung		locality	4
40113	102021015	Bandung		locality	6
40114	102021015	Bandung		locality	6
40115	102021015	Bandung		locality	24
40115	102020393	West Java		locality	1
40116	102021015	Bandung		locality	7
40116	102020393	West Java		locality	2
40117	102021015	Bandung		locality	7
40119	102020393	West Java		locality	1
40122	102021015	Bandung		locality	5
40123	102021015	Bandung		locality	4
40124	102021015	Bandung		locality	1
40131	102021015	Bandung		locality	10
40132	102021015	Bandung		locality	14
40132	102020393	West Java		locality	4
40133	102021015	Bandung		locality	2
40134	102021015	Bandung		locality	2
40134	102020393	West Java		locality	1
40135	102021015	Bandung		locality	10
40135	102020393	West Java		locality	1
40139	102021015	Bandung		locality	1
40141	102021015	Bandung		locality	5
40142	102021015	Bandung		locality	2
40143	102021015	Bandung		locality	2
40143	102020393	West Java		locality	1
40151	102021015	Bandung		locality	1
40153	102021015	Bandung		locality	4
40154	102021015	Bandung		locality	3
40154	102021933	Bandung Barat		locality	1
40154	102020393	West Java		locality	1
40161	102021015	Bandung		locality	9
40162	102021015	Bandung		locality	6
40163	102021015	Bandung		locality	4
40164	102021015	Bandung		locality	3
40171	102021015	Bandung		locality	8
40171	102020393	West Java		locality	1
40172	102021015	Bandung		locality	2
40173	102021015	Bandung		locality	2
40175	102021015	Bandung		locality	8
40181	102021015	Bandung		locality	10
40181	102020393	West Java		locality	2
40181.	102021015	Bandung		locality	1
40181.	102020393	West Java		locality	1
40182	102021015	Bandung		locality	1
40191	102021015	Bandung		locality	5
40192	102021015	Bandung		locality	3
40197	102021015	Bandung		locality	1
40198	102020393	West Java		locality	11
40198	102021015	Bandung		locality	7
40212	102021015	Bandung		locality	1
40218	102020393	West Java		locality	1
40223	102021015	Bandung		locality	1
40227	102021015	Bandung		locality	1
40228	102020393	West Java		locality	1
40236	102021015	Bandung		locality	1
40241	102021015	Bandung		locality	2
40242	102021015	Bandung		locality	9
40251	102021015	Bandung		locality	3
40252	102021015	Bandung		locality	2
40255	102021015	Bandung		locality	1
40257	102021015	Bandung		locality	2
40261	102021015	Bandung		locality	5
40262	102021015	Bandung		locality	7
40263	102021015	Bandung		locality	3
40264	102021015	Bandung		locality	7
40265	102021015	Bandung		locality	1
40266	102021015	Bandung		locality	8
40267	102021015	Bandung		locality	3
40273	102021015	Bandung		locality	3
40275	102021015	Bandung		locality	1
40281	102021015	Bandung		locality	1
40285	102020649	Cimahi		locality	1
40286	102021015	Bandung		locality	13
40286	890495925	Margasari		locality	1
40287	102021015	Bandung		locality	4
40291	102021015	Bandung		locality	1
40292	102021015	Bandung		locality	1
40294	102021015	Bandung		locality	3
40295	102021015	Bandung		locality	3
40378	102021011	Bandung		locality	2
40391	102021015	Bandung		locality	5
40394	102021015	Bandung		locality	1
40394	890498465	Rancaekek		locality	1
40395	102021015	Bandung		locality	1
40513	102020649	Cimahi		locality	1
40514	102020649	Cimahi		locality	5
40515	102021015	Bandung		locality	1
40535	102020649	Cimahi		locality	1
40551	102021015	Bandung		locality	1
40554	102021933	Bandung Barat		locality	1
40559	102021015	Bandung		locality	2
40559	890499439	Parongpong		locality	1
40562	102021015	Bandung		locality	1
40563	102021015	Bandung		locality	1
40614	102021015	Bandung		locality	1
40621	102021015	Bandung		locality	2
40714	102021015	Bandung		locality	1
40912	102021015	Bandung		locality	1
40973	102021011	Bandung		locality	2
41035	102021015	Bandung		locality	3
41111	102019335	Purwakarta		locality	1
41112	102019335	Purwakarta		locality	1
41281	102018979	Subang		locality	6
41281	102021015	Bandung		locality	1
41312	102020273	Karawang		locality	2
41313	102020273	Karawang		locality	1
41315	102020273	Karawang		locality	5
41361	102020273	Karawang		locality	2
41371	102020273	Karawang		locality	1
41373	102020671	Cikampek		locality	1
42112	102019089	Serang		locality	2
42183	102019089	Serang		locality	3
42264	102020729	Caringin		locality	1
43113	102018973	Sukabumi		locality	3
43114	102018973	Sukabumi		locality	6
43178	102018973	Sukabumi		locality	10
43181	102019243	Sagaranten		locality	2
43191	102018973	Sukabumi		locality	1
43551	890495569	Cibadak		locality	1
44117	102020527	Garut		locality	1
44151	102020527	Garut		locality	23
44151	890496601	Tarogong		locality	1
44152	102020527	Garut		locality	1
44181	102020527	Garut		locality	1
44183	102020527	Garut		locality	2
44183	890495889	Wanaraja		locality	1
45118	102020613	Cirebon		locality	2
45121	102020613	Cirebon		locality	2
45131	102020613	Cirebon		locality	7
45132	102020613	Cirebon		locality	1
45133	102020613	Cirebon		locality	2
45134	102020613	Cirebon		locality	1
45142	102020613	Cirebon		locality	3
45153	102020613	Cirebon		locality	10
45154	102020613	Cirebon		locality	3
45154	890495665	Weru		locality	1
45155	102020613	Cirebon		locality	2
45155	890495863	Plumbon		locality	2
45155	102020581	Depok		locality	1
45161	102020613	Cirebon		locality	1
45162	102020613	Cirebon		locality	1
45174	102020613	Cirebon		locality	1
45211	102020461	Indramayu		locality	3
45252	102020461	Indramayu		locality	1
45262	102020461	Indramayu		locality	1
45264	102020471	Haurgeulis		locality	1
45363	102018935	Sumedang		locality	3
45400	102019903	Majalengka		locality	2
45412	102018801	Tasikmalaya		locality	1
45418	102019903	Majalengka		locality	4
45511	102020061	Kuningan		locality	2
45514	102020061	Kuningan		locality	1
45556	102020061	Kuningan		locality	19
45573	102020061	Kuningan		locality	1
46394	102019573	Pangandaran		locality	2
46396	102019573	Pangandaran		locality	5
46412	102018801	Tasikmalaya		locality	2
46595	102019573	Pangandaran		locality	5
50115	102019121	Semarang		locality	1
50124	102019121	Semarang		locality	2
50131	102019121	Semarang		locality	3
50132	102019121	Semarang		locality	1
50137	102019121	Semarang		locality	2
50141	102019121	Semarang		locality	1
50144	102019121	Semarang		locality	1
50156	102020201	Kendal		locality	5
50178	102019121	Semarang		locality	1
50229	102019121	Semarang		locality	9
50232	102019121	Semarang		locality	4
50234	102019121	Semarang		locality	1
50236	102019121	Semarang		locality	4
50241	102019121	Semarang		locality	1
50242	102019121	Semarang		locality	1
50254	102019121	Semarang		locality	1
50256	102019121	Semarang		locality	2
50257	102019121	Semarang		locality	2
50263	102019121	Semarang		locality	2
50269	102019121	Semarang		locality	1
50511	102018655	Ungaran		locality	3
50512	102018655	Ungaran		locality	2
50519	102018655	Ungaran		locality	1
50552	102021485	Semarang		locality	3
50664	102021485	Semarang		locality	1
50711	102019235	Salatiga		locality	47
50714	102019235	Salatiga		locality	13
50716	102019235	Salatiga		locality	1
50721	102019235	Salatiga		locality	9
50722	102019235	Salatiga		locality	1
50723	102019235	Salatiga		locality	3
50724	102019235	Salatiga		locality	4
50731	102019235	Salatiga		locality	3
50733	102019235	Salatiga		locality	4
50735	102019235	Salatiga		locality	4
50741	102019235	Salatiga		locality	1
50742	102019235	Salatiga		locality	6
50744	102019235	Salatiga		locality	2
50745	102019235	Salatiga		locality	2
50746	102019235	Salatiga		locality	1
50773	102021485	Semarang		locality	1
50774	102019235	Salatiga		locality	4
51114	102019477	Pekalongan		locality	2
51118	102019477	Pekalongan		locality	2
51128	102019477	Pekalongan		locality	1
51172	102019477	Pekalongan		locality	2
51271	102020937	Batang		locality	3
51356	102020201	Kendal		locality	2
52254	102020789	Brebes		locality	1
52255	102020789	Brebes		locality	1
52281	102018575	Special Region of Yogyakarta	DIY	locality	1
52464	102018783	Tegal		locality	1
53111	102019327	Purwokerto		locality	1
53116	102019327	Purwokerto		locality	1
53122	102019327	Purwokerto		locality	2
53124	102020955	Banyumas		locality	1
53131	102019327	Purwokerto		locality	2
53132	102019327	Purwokerto		locality	1
53144	102019327	Purwokerto		locality	1
53145	102019327	Purwokerto		locality	1
53146	102019327	Purwokerto		locality	4
53181	890493495	Sokaraja		locality	155
53182	102020955	Banyumas		locality	1
53192	102020955	Banyumas		locality	1
53194	890499811	Buntu		locality	1
53213	1141907563	Cilacap		locality	1
53213	102019327	Purwokerto		locality	1
53222	1141907563	Cilacap		locality	1
53223	1141907563	Cilacap		locality	1
53257	102019901	Majenang		locality	1
53311	102019341	Purbolinggo		locality	1
53352	102019341	Purbolinggo		locality	2
53353	102020819	Bobotsari		locality	1
53357	102019341	Purbolinggo		locality	2
53359	102019341	Purbolinggo		locality	1
53371	102019341	Purbolinggo		locality	2
53372	102019341	Purbolinggo		locality	2
53412	1125802411	Kuta Banjarnegara		locality	1
53481	1125802411	Kuta Banjarnegara		locality	3
54113	102021419	Purworejo		locality	5
54114	102021419	Purworejo		locality	2
54171	102021419	Purworejo		locality	1
54181	102021419	Purworejo		locality	1
54363	102020235	Kebumen		locality	2
54383	102020235	Kebumen		locality	1
55112	102018575	Special Region of Yogyakarta	DIY	locality	1
55122	102018575	Special Region of Yogyakarta	DIY	locality	2
55131	890495699	Panembahan		locality	1
55133	102018575	Special Region of Yogyakarta	DIY	locality	1
55141	102018575	Special Region of Yogyakarta	DIY	locality	1
55142	102018575	Special Region of Yogyakarta	DIY	locality	2
55143	102018575	Special Region of Yogyakarta	DIY	locality	3
55151	102018575	Special Region of Yogyakarta	DIY	locality	1
55153	102018575	Special Region of Yogyakarta	DIY	locality	3
55162	102018575	Special Region of Yogyakarta	DIY	locality	1
55167	102018575	Special Region of Yogyakarta	DIY	locality	1
55172	890498473	Kotagede		locality	1
55172	102022489	Kulon Progo		locality	1
55173	102018575	Special Region of Yogyakarta	DIY	locality	1
55182	102020959	Bantul		locality	3
55183	102020959	Bantul		locality	1
55183	102021371	Kasihan		locality	1
55184	102020959	Bantul		locality	3
55184	102018575	Special Region of Yogyakarta	DIY	locality	1
55184	102019017	Sleman		locality	1
55187	890494903	Sewon		locality	2
55187	102018575	Special Region of Yogyakarta	DIY	locality	1
55191	102018575	Special Region of Yogyakarta	DIY	locality	2
55194	102018575	Special Region of Yogyakarta	DIY	locality	13
55198	102020959	Bantul		locality	2
55198	102018575	Special Region of Yogyakarta	DIY	locality	1
55221	102018575	Special Region of Yogyakarta	DIY	locality	3
55222	102018575	Special Region of Yogyakarta	DIY	locality	3
55222	102019017	Sleman		locality	1
55223	102018575	Special Region of Yogyakarta	DIY	locality	1
55224	102018575	Special Region of Yogyakarta	DIY	locality	11
55231	102018575	Special Region of Yogyakarta	DIY	locality	7
55232	890500493	Ngampilan		locality	2
55233	102018575	Special Region of Yogyakarta	DIY	locality	1
55281	102018575	Special Region of Yogyakarta	DIY	locality	18
55281	102019017	Sleman		locality	15
55281	890495521	Depok		locality	1
55282	102019017	Sleman		locality	2
55283	102018575	Special Region of Yogyakarta	DIY	locality	3
55284	102019017	Sleman		locality	6
55284	102018575	Special Region of Yogyakarta	DIY	locality	1
55285	102019017	Sleman		locality	8
55292	102019017	Sleman		locality	2
55293	102019017	Sleman		locality	1
55294	102019017	Sleman		locality	5
55422	890499061	Tegalrejo		locality	1
55515	102019017	Sleman		locality	4
55562	102019017	Sleman		locality	1
55564	102019017	Sleman		locality	2
55564	890497649	Godean		locality	1
55571	102018575	Special Region of Yogyakarta	DIY	locality	2
55581	102019017	Sleman		locality	3
55581	890498533	Ngaglik		locality	2
55582	102018575	Special Region of Yogyakarta	DIY	locality	1
55584	102018575	Special Region of Yogyakarta	DIY	locality	2
55584	102019017	Sleman		locality	1
55651	102022489	Kulon Progo		locality	7
55652	102019443	Pengasih		locality	2
55664	102022489	Kulon Progo		locality	2
55715	102020959	Bantul		locality	1
55751	102020959	Bantul		locality	1
55763	102020959	Bantul		locality	1
55771	102020959	Bantul		locality	1
55772	890495695	Kretek		locality	1
55781	102020959	Bantul		locality	1
55813	102021365	Wonosari		locality	1
55851	102021365	Wonosari		locality	1
55861	102019399	Playen		locality	1
56172	102019913	Magelang		locality	1
56194	102019913	Magelang		locality	2
56254	102019535	Parakan		locality	7
56255	102018775	Temanggung		locality	2
56264	102018583	Wonosobo		locality	1
56281	102018775	Temanggung		locality	3
56311	102018583	Wonosobo		locality	4
56371	102018583	Wonosobo		locality	3
56451	890499117	Tanjung		locality	1
56553	102019913	Magelang		locality	1
57108	102020791	Boyolali		locality	3
57125	102018909	Surakarta		locality	1
57126	102018909	Surakarta		locality	3
57131	102018909	Surakarta		locality	1
57136	102018909	Surakarta		locality	1
57137	102018909	Surakarta		locality	1
57139	102018909	Surakarta		locality	2
57144	102018909	Surakarta		locality	2
57146	102018909	Surakarta		locality	1
57149	102018909	Surakarta		locality	2
57162	102020269	Kartasura		locality	1
57165	102020269	Kartasura		locality	2
57168	102020269	Kartasura		locality	2
57178	890496759	Colomadu		locality	22
57178	890495473	Bolon		locality	2
57311	102020791	Boyolali		locality	2
57362	102020791	Boyolali		locality	1
57373	102020791	Boyolali		locality	2
57375	102020791	Boyolali		locality	3
57378	102020493	Gresik		locality	1
57451	102020155	Klaten		locality	1
57472	102020155	Klaten		locality	3
57511	890500045	Surabaya		locality	1
57541	102018955	Sukoharjo		locality	1
57571	890499977	Nguter		locality	1
57571	102018955	Sukoharjo		locality	1
57612	102018593	Wonogiri		locality	1
57691	102018593	Wonogiri		locality	3
59173	102019499	Pati		locality	1
59185	102020349	Juwana		locality	6
59185	102019499	Pati		locality	1
59219	102019273	Rembang		locality	4
59316	102020077	Kudus		locality	4
59321	102020077	Kudus		locality	1
59332	102020077	Kudus		locality	4
59353	102020077	Kudus		locality	1
59462	102020367	Jepara		locality	4
59465	102020367	Jepara		locality	1
59466	102020367	Jepara		locality	8
59581	890500021	Sambiroto		locality	1
59581	102020587	Demak		locality	1
60011	102018911	Surabaya		locality	1
60111	102018911	Surabaya		locality	11
60111	890498807	Sukolilo		locality	7
60111	102020387	East Java		locality	2
60112	890497171	Mulyorejo		locality	3
60112	102018911	Surabaya		locality	2
60112	890499257	Benowo		locality	1
60112	890498807	Sukolilo		locality	1
60113	890497171	Mulyorejo		locality	1
60113	102018911	Surabaya		locality	1
60115	102018911	Surabaya		locality	10
60115	890497171	Mulyorejo		locality	3
60115	102020387	East Java		locality	1
60115	890498807	Sukolilo		locality	1
60116	890497171	Mulyorejo		locality	4
60116	102018911	Surabaya		locality	3
60116	890500389	Gubeng		locality	1
60116	102020387	East Java		locality	1
60116	890498807	Sukolilo		locality	1
60117	890498807	Sukolilo		locality	6
60117	102018911	Surabaya		locality	2
60117	102020387	East Java		locality	1
60117	890500261	Rungkut		locality	1
60118	890498807	Sukolilo		locality	6
60118	102018911	Surabaya		locality	6
60119	890498807	Sukolilo		locality	7
60119	102018911	Surabaya		locality	1
60123	102018911	Surabaya		locality	1
60131	890499067	Tambaksari		locality	3
60131	102018911	Surabaya		locality	2
60132	102018911	Surabaya		locality	1
60132	890499067	Tambaksari		locality	1
60133	102020387	East Java		locality	4
60133	102018911	Surabaya		locality	1
60134	102018911	Surabaya		locality	1
60136	102018911	Surabaya		locality	2
60141	102020387	East Java		locality	1
60141	102018911	Surabaya		locality	1
60142	102018911	Surabaya		locality	1
60151	102020387	East Java		locality	1
60155	102018911	Surabaya		locality	1
60161	102018911	Surabaya		locality	8
60161	890495149	Pabean		locality	2
60161	102020387	East Java		locality	1
60161	102019063	Sidoarjo		locality	1
60163	102018911	Surabaya		locality	1
60165	102018911	Surabaya		locality	1
60172	102018911	Surabaya		locality	2
60172	890497679	Bubutan		locality	1
60173	890497679	Bubutan		locality	1
60173	102020387	East Java		locality	1
60174	102018911	Surabaya		locality	7
60174	890497679	Bubutan		locality	1
60174	102020387	East Java		locality	1
60175	102018911	Surabaya		locality	4
60176	102018911	Surabaya		locality	1
60177	102020387	East Java		locality	1
60178	102018911	Surabaya		locality	1
60184	102020387	East Java		locality	1
60185	102018911	Surabaya		locality	1
60186	102018911	Surabaya		locality	1
60187	102018911	Surabaya		locality	1
60188	102020387	East Java		locality	2
60188	102018911	Surabaya		locality	2
60189	102018911	Surabaya		locality	5
60195	102018911	Surabaya		locality	1
60198	102018911	Surabaya		locality	1
60211	102020387	East Java		locality	1
60211	102018911	Surabaya		locality	1
60212	890495207	Lakar Santri		locality	1
60216	102018911	Surabaya		locality	2
60216	102020387	East Java		locality	1
60217	102018911	Surabaya		locality	1
60219	102020387	East Java		locality	1
60221	102018911	Surabaya		locality	2
60221	102020387	East Java		locality	1
60222	102018911	Surabaya		locality	1
60224	102018911	Surabaya		locality	1
60225	102018911	Surabaya		locality	5
60226	102018911	Surabaya		locality	6
60226	890495491	Pakis		locality	1
60227	102018911	Surabaya		locality	3
60227	890500055	Wiyung		locality	1
60231	102018911	Surabaya		locality	3
60231	890493071	Gayungan		locality	2
60231	102020387	East Java		locality	1
60233	102018911	Surabaya		locality	2
60234	102018911	Surabaya		locality	1
60235	102018911	Surabaya		locality	4
60236	102018911	Surabaya		locality	4
60236	102020387	East Java		locality	2
60236	890500261	Rungkut		locality	1
60237	102018911	Surabaya		locality	3
60237	890500261	Rungkut		locality	2
60237	102020387	East Java		locality	1
60238	102018911	Surabaya		locality	3
60238	102020387	East Java		locality	1
60239	102020387	East Java		locality	2
60239	102018911	Surabaya		locality	1
60241	890500433	Wonokromo		locality	4
60241	102018911	Surabaya		locality	2
60241	102020387	East Java		locality	1
60242	102020387	East Java		locality	1
60242	890500433	Wonokromo		locality	1
60243	102018911	Surabaya		locality	2
60243	890500433	Wonokromo		locality	1
60244	102018911	Surabaya		locality	2
60244	890500433	Wonokromo		locality	2
60244	102020387	East Java		locality	1
60245	890500433	Wonokromo		locality	4
60245	102018911	Surabaya		locality	3
60246	102018911	Surabaya		locality	7
60246	890500433	Wonokromo		locality	2
60246	102020387	East Java		locality	1
60251	102018911	Surabaya		locality	6
60251	102020387	East Java		locality	1
60252	102018911	Surabaya		locality	3
60254	102018911	Surabaya		locality	1
60256	102018911	Surabaya		locality	4
60261	102018911	Surabaya		locality	10
60261	890497635	Tegal Sari		locality	9
60261	102020387	East Java		locality	1
60261	890495975	Wonorejo		locality	1
60262	102018911	Surabaya		locality	3
60262	102020387	East Java		locality	1
60263	102018911	Surabaya		locality	1
60264	102018911	Surabaya		locality	5
60264	890497635	Tegal Sari		locality	4
60264	890497685	Dr Sutomo		locality	1
60264	890500389	Gubeng		locality	1
60264	890500433	Wonokromo		locality	1
60265	890497635	Tegal Sari		locality	7
60265	102018911	Surabaya		locality	3
60265	102020387	East Java		locality	1
60271	102018911	Surabaya		locality	14
60271	890495753	Genteng		locality	3
60271	102020387	East Java		locality	1
60271	890497635	Tegal Sari		locality	1
60272	890495753	Genteng		locality	11
60272	102018911	Surabaya		locality	6
60272	102020387	East Java		locality	1
60273	890495753	Genteng		locality	1
60274	890495753	Genteng		locality	1
60275	102018911	Surabaya		locality	5
60275	890500389	Gubeng		locality	1
60281	102018911	Surabaya		locality	13
60281	890500389	Gubeng		locality	4
60281	102020387	East Java		locality	3
60281	890495753	Genteng		locality	1
60282	890500389	Gubeng		locality	5
60282	102018911	Surabaya		locality	4
60282	102020387	East Java		locality	1
60283	890500389	Gubeng		locality	2
60283	102018911	Surabaya		locality	1
60284	890500389	Gubeng		locality	4
60284	102018911	Surabaya		locality	2
60284	102020387	East Java		locality	1
60284	890497635	Tegal Sari		locality	1
60285	102018911	Surabaya		locality	9
60285	890500389	Gubeng		locality	5
60285	102020387	East Java		locality	2
60285	890499067	Tambaksari		locality	1
60286	102018911	Surabaya		locality	35
60286	890500389	Gubeng		locality	5
60286	102020387	East Java		locality	1
60291	102018911	Surabaya		locality	1
60292	102018911	Surabaya		locality	11
60292	102020387	East Java		locality	1
60293	102018911	Surabaya		locality	10
60293	890500261	Rungkut		locality	2
60294	102018911	Surabaya		locality	3
60297	102018911	Surabaya		locality	1
60298	102018911	Surabaya		locality	2
60298	102020387	East Java		locality	1
60298	890500261	Rungkut		locality	1
60299	102018911	Surabaya		locality	2
60421	102018911	Surabaya		locality	1
60900	102018911	Surabaya		locality	1
61112	102020493	Gresik		locality	1
61152	102020767	Bungah		locality	1
61161	102020493	Gresik		locality	4
61174	102020493	Gresik		locality	1
61200	102019063	Sidoarjo		locality	1
61212	102018911	Surabaya		locality	1
61213	102020387	East Java		locality	2
61217	102020387	East Java		locality	1
61234	102020387	East Java		locality	1
61234	102018911	Surabaya		locality	1
61252	102018911	Surabaya		locality	1
61253	102018911	Surabaya		locality	4
61253	890496625	Sedati		locality	3
61253	102019063	Sidoarjo		locality	1
61253	890495149	Pabean		locality	1
61254	102020387	East Java		locality	3
61254	102019063	Sidoarjo		locality	2
61254	890497651	Gedangan		locality	1
61254	102018911	Surabaya		locality	1
61256	102019063	Sidoarjo		locality	74
61256	102018911	Surabaya		locality	5
61256	890498725	Waru		locality	3
61256	102020387	East Java		locality	1
61259	102019063	Sidoarjo		locality	1
61261	102019063	Sidoarjo		locality	4
61262	102019063	Sidoarjo		locality	2
61262	102020101	Krian		locality	1
61263	102019063	Sidoarjo		locality	1
61318	102019763	Mojokerto		locality	2
61382	102019763	Mojokerto		locality	1
61419	102020361	Jombang		locality	1
61461	102020361	Jombang		locality	1
61463	102020361	Jombang		locality	2
61471	102020361	Jombang		locality	3
61481	890496587	Peterongan		locality	1
61623	102018911	Surabaya		locality	1
62118	102020809	Bojonegoro		locality	2
62128	102019063	Sidoarjo		locality	1
62171	102020809	Bojonegoro		locality	8
62182	102020809	Bojonegoro		locality	1
62191	102020809	Bojonegoro		locality	3
62211	102020029	Lamongan		locality	1
62315	102018683	Tuban		locality	1
62316	102018683	Tuban		locality	1
62318	102018683	Tuban		locality	1
62354	890498893	Bancar		locality	1
63102	102019921	Madiun		locality	1
63125	102019921	Madiun		locality	5
63131	890495257	Taman		locality	2
63138	890499721	Taman		locality	1
63139	102019921	Madiun		locality	1
63153	102020723	Caruban		locality	4
63153	890493225	Pandean		locality	2
63211	102019663	Ngawi		locality	1
63263	102021483	Ngawi		locality	4
63263	890498843	Ngrambe		locality	1
63395	102019909	Magetan		locality	2
63416	102019385	Ponorogo		locality	1
63471	102019385	Ponorogo		locality	43
63472	102019385	Ponorogo		locality	43
63511	102019639	Pacitan		locality	1
63512	102019639	Pacitan		locality	1
63515	102019639	Pacitan		locality	2
63552	102019639	Pacitan		locality	1
64122	102020231	Kediri		locality	2
64139	102020231	Kediri		locality	1
64153	890499877	Ponggok		locality	4
64153	102020827	Blitar		locality	1
64182	102020231	Kediri		locality	1
64213	102019533	Pare		locality	1
64412	102020387	East Java		locality	1
65100	102019893	Malang		locality	1
65111	102019893	Malang		locality	1
65112	102019893	Malang		locality	1
65113	102019893	Malang		locality	7
65117	102019893	Malang		locality	44
65126	102019893	Malang		locality	3
65138	102019893	Malang		locality	3
65141	102019893	Malang		locality	14
65141	102018911	Surabaya		locality	1
65142	102019893	Malang		locality	11
65143	102019893	Malang		locality	2
65144	102019893	Malang		locality	10
65145	102019893	Malang		locality	7
65148	102019893	Malang		locality	1
65149	102019893	Malang		locality	2
65153	102019893	Malang		locality	1
65154	102019893	Malang		locality	1
65157	102019893	Malang		locality	2
65162	102019893	Malang		locality	2
65311	102020929	Batu		locality	2
65314	102020929	Batu		locality	4
65318	102020929	Batu		locality	3
66111	102020827	Blitar		locality	9
66116	102020827	Blitar		locality	1
66131	102020827	Blitar		locality	1
66181	102020827	Blitar		locality	2
66311	102018693	Trenggalek		locality	1
66317	102018693	Trenggalek		locality	1
67115	102019503	Pasuruan		locality	2
67151	102019503	Pasuruan		locality	1
67153	102021007	Bangil		locality	1
67156	102019503	Pasuruan		locality	1
67174	102019503	Pasuruan		locality	8
67181	102019503	Pasuruan		locality	3
67273	102019359	Probolinggo		locality	3
67312	102019931	Lumajang		locality	1
67352	102019931	Lumajang		locality	1
67354	102019931	Lumajang		locality	8
68121	102020381	Jember		locality	6
68131	102020381	Jember		locality	4
68136	102020381	Jember		locality	1
68213	102020803	Bondowoso		locality	2
68262	102020803	Bondowoso		locality	2
68311	102019025	Situbondo		locality	1
68312	102019025	Situbondo		locality	2
68373	102019025	Situbondo		locality	2
68418	102020953	Banyuwangi		locality	2
68425	102020953	Banyuwangi		locality	1
68464	102020953	Banyuwangi		locality	1
68466	102020953	Banyuwangi		locality	1
68486	890499453	Jajag		locality	3
69174	102020829	Blega		locality	2
69323	102019591	Pamekasan		locality	1
70122	102020973	Banjarmasin		locality	1
70122	102019475	Pekanbaru		locality	1
70233	102020973	Banjarmasin		locality	1
70237	102020973	Banjarmasin		locality	6
70711	102020975	Banjarbaru		locality	1
70714	102020975	Banjarbaru		locality	3
70721	102020975	Banjarbaru		locality	1
70734	102020975	Banjarbaru		locality	1
70814	102019467	Pelaihari		locality	13
70815	102019467	Pelaihari		locality	2
71213	102019827	Martapura		locality	1
71418	102021073	Amuntai		locality	1
73112	102019609	Palangkaraya		locality	11
73115	102019229	Samarinda		locality	1
73711	102020759	Buntok		locality	2
74111	102019551	Pangkalanbuun		locality	1
74112	102021025	Balikpapan		locality	2
74112	102019551	Pangkalanbuun		locality	1
74300	102019215	Sampit		locality	2
74311	102019215	Sampit		locality	1
74312	102019215	Sampit		locality	2
74322	102019215	Sampit		locality	13
74323	102019215	Sampit		locality	5
74325	102019215	Sampit		locality	2
75117	102019229	Samarinda		locality	1
75121	102019229	Samarinda		locality	2
75123	102019229	Samarinda		locality	1
75125	102019229	Samarinda		locality	1
75126	102019229	Samarinda		locality	1
75127	102019229	Samarinda		locality	1
75131	102019229	Samarinda		locality	1
75132	102019229	Samarinda		locality	1
75243	102019229	Samarinda		locality	1
75311	102020797	Bontang		locality	1
76113	102021025	Balikpapan		locality	3
76114	102021025	Balikpapan		locality	9
76115	102021025	Balikpapan		locality	23
76116	102021025	Balikpapan		locality	1
76124	102021025	Balikpapan		locality	9
76126	102021025	Balikpapan		locality	2
76155	102021025	Balikpapan		locality	1
76211	102018855	Tanahgrogot		locality	1
76261	102021967	Paser		locality	1
76521	102021967	Paser		locality	1
76554	890500719	Labuan Bajo		locality	1
77311	102018821	Tanjung Redeb		locality	2
78114	102019381	Pontianak		locality	2
78116	102019381	Pontianak		locality	3
78117	102019381	Pontianak		locality	1
78121	102019381	Pontianak		locality	1
78243	102019381	Pontianak		locality	2
78391	102019381	Pontianak		locality	1
79461	102022647	Tebas		locality	1
79582	102019145	Sekadau		locality	1
80030	890497757	Sanur		locality	1
80033	102022125	Badung		locality	1
80033	102020057	Kuta		locality	1
80035	102020583	Denpasar		locality	1
80111	102020583	Denpasar		locality	8
80111	102020057	Kuta		locality	1
80112	102020583	Denpasar		locality	9
80112	102021965	Bali		locality	2
80113	102020583	Denpasar		locality	35
80113	102021965	Bali		locality	4
80113	890495039	Denpasar Selatan		locality	2
80114	102020583	Denpasar		locality	51
80114	102021965	Bali		locality	2
80114	102022125	Badung		locality	1
80114	890498545	Kuta Utara		locality	1
80115	102020583	Denpasar		locality	3
80115	102021965	Bali		locality	1
80115	102020057	Kuta		locality	1
80116	102020583	Denpasar		locality	11
80116	102022125	Badung		locality	1
80116	102020057	Kuta		locality	1
80117	102020583	Denpasar		locality	21
80117	102021965	Bali		locality	3
80117	890500307	Kerobokan		locality	2
80117	890498545	Kuta Utara		locality	2
80117	102022125	Badung		locality	1
80117	890499367	Padangsambian Klod		locality	1
80118	102020583	Denpasar		locality	4
80119	102020583	Denpasar		locality	32
80119	102021965	Bali		locality	11
80119	102020057	Kuta		locality	1
80210	102020583	Denpasar		locality	1
80221	102020583	Denpasar		locality	6
80221	890495039	Denpasar Selatan		locality	5
80221	102021965	Bali		locality	3
80221	102022125	Badung		locality	1
80221	102020057	Kuta		locality	1
80222	102021965	Bali		locality	3
80222	102020583	Denpasar		locality	3
80222	890495039	Denpasar Selatan		locality	1
80223	102020583	Denpasar		locality	10
80223	102021965	Bali		locality	7
80224	102020583	Denpasar		locality	9
80224	102021965	Bali		locality	2
80224	890497757	Sanur		locality	2
80224	890497853	Sidakarya		locality	2
80225	102020583	Denpasar		locality	6
80226	102020583	Denpasar		locality	11
80226	890495039	Denpasar Selatan		locality	2
80226	102021965	Bali		locality	1
80227	102020583	Denpasar		locality	11
80227	102021965	Bali		locality	1
80227	890495039	Denpasar Selatan		locality	1
80227	102020363	Jimbaran		locality	1
80227	102022193	Nusa Dua		locality	1
80227	890497757	Sanur		locality	1
80228	890497757	Sanur		locality	13
80228	102020583	Denpasar		locality	7
80228	102021965	Bali		locality	4
80228	890495039	Denpasar Selatan		locality	3
80228	102020363	Jimbaran		locality	1
80231	102020583	Denpasar		locality	12
80231	102018911	Surabaya		locality	2
80231	102021965	Bali		locality	1
80232	102020583	Denpasar		locality	12
80232	102021965	Bali		locality	4
80233	102020583	Denpasar		locality	1
80234	102020583	Denpasar		locality	19
80234	102021965	Bali		locality	3
80235	102020583	Denpasar		locality	6
80235	102021965	Bali		locality	2
80236	102020583	Denpasar		locality	2
80237	102020583	Denpasar		locality	12
80237	102021965	Bali		locality	1
80238	102020583	Denpasar		locality	1
80239	102020583	Denpasar		locality	12
80239	102021965	Bali		locality	2
80261	890498543	Seminyak		locality	1
80316	890498543	Seminyak		locality	2
80351	890495369	Canggu		locality	4
80351	890497579	Pererenan		locality	2
80361	102021965	Bali		locality	193
80361	102022125	Badung		locality	124
80361	102020057	Kuta		locality	85
80361	102020363	Jimbaran		locality	39
80361	102020583	Denpasar		locality	28
80361	890500307	Kerobokan		locality	15
80361	102022193	Nusa Dua		locality	13
80361	890500147	Kuta Selatan		locality	11
80361	890495369	Canggu		locality	9
80361	890498543	Seminyak		locality	8
80361	890498545	Kuta Utara		locality	7
80361	890496767	Legian		locality	3
80361	102022543	Ungasan		locality	3
80361	890495327	Kedonganan		locality	2
80361	890498701	Tuban		locality	2
80361	890495039	Denpasar Selatan		locality	1
80361	890499173	Kutuh		locality	1
80361	890498723	Pemogan		locality	1
80361	890499417	Tanjung Benoa		locality	1
80361	102018669	Ubud		locality	1
80361	890497757	Sanur		locality	1
80362	102021965	Bali		locality	11
80362	102020363	Jimbaran		locality	8
80362	102020057	Kuta		locality	7
80362	890498701	Tuban		locality	3
80362	102020583	Denpasar		locality	2
80362	102022125	Badung		locality	1
80363	102022193	Nusa Dua		locality	16
80363	102021965	Bali		locality	8
80363	102022125	Badung		locality	2
80363	102020363	Jimbaran		locality	2
80363	102020057	Kuta		locality	1
80364	102020363	Jimbaran		locality	4
80364	102021965	Bali		locality	3
80364	102020057	Kuta		locality	2
80364	102022125	Badung		locality	1
80364	102019485	Pecatu		locality	1
80364	102022543	Ungasan		locality	1
80511	102020509	Gianyar		locality	1
80513	102020509	Gianyar		locality	1
80561	102022143	Bali		locality	1
80571	102018669	Ubud		locality	36
80571	102020509	Gianyar		locality	8
80571	102021965	Bali		locality	5
80571	890492909	Kelusa		locality	1
80581	102020509	Gianyar		locality	2
80582	102021965	Bali		locality	2
80582	102020583	Denpasar		locality	1
80582	102020509	Gianyar		locality	1
80612	102021965	Bali		locality	1
80613	102020991	Bangli		locality	1
80716	102020583	Denpasar		locality	1
80716	102020151	Klungkung		locality	1
80752	102021965	Bali		locality	1
80771	102022143	Bali		locality	1
80771	890498721	Jungutbatu		locality	1
80771	102020151	Klungkung		locality	1
80851	102021587	Candi Dasa		locality	1
80852	102020287	Karangasem		locality	3
80853	102020287	Karangasem		locality	1
80853	102020081	Kubu		locality	1
80871	102020287	Karangasem		locality	4
81116	102018893	Tabanan		locality	2
81119	890494823	Lovina Beach		locality	1
81119	102019045	Singaraja		locality	1
81151	102019045	Singaraja		locality	10
81151	890494823	Lovina Beach		locality	1
81152	890494823	Lovina Beach		locality	3
81152	102022125	Badung		locality	1
81152	102019711	Munduk		locality	1
81153	890500217	Pemuteran		locality	1
81155	102021965	Bali		locality	1
81161	102019045	Singaraja		locality	1
82114	102018893	Tabanan		locality	1
82121	890500499	Kediri		locality	1
82121	102018893	Tabanan		locality	1
82162	102018893	Tabanan		locality	4
82162	102021965	Bali		locality	1
82191	102018893	Tabanan		locality	2
82218	102019679	Negara		locality	1
83113	102021079	Ampenan		locality	5
83113	102019813	Mataram		locality	1
83114	102019813	Mataram		locality	1
83115	102019813	Mataram		locality	1
83121	102019813	Mataram		locality	1
83122	102019813	Mataram		locality	1
83125	102019813	Mataram		locality	1
83126	102019813	Mataram		locality	4
83215	102019813	Mataram		locality	1
83231	102019813	Mataram		locality	1
83235	102019813	Mataram		locality	4
83300	102019495	Pemenang		locality	1
83352	102019813	Mataram		locality	2
83352	102019495	Pemenang		locality	1
83354	102022273	Senaru		locality	1
83354	102018839	Tanjung		locality	1
83355	102021589	Senggigi		locality	14
83355	102019813	Mataram		locality	1
83511	102019371	Praya		locality	11
83573	102020057	Kuta		locality	2
83611	102019123	Selong		locality	2
83612	102019123	Selong		locality	6
83661	102019819	Masbagik		locality	2
84211	102020573	Dompu		locality	1
84356	102022095	Maluk		locality	1
84384	102022493	Empang		locality	6
84584	102022493	Empang		locality	3
85000	102021397	Kupang		locality	7
85001	102021397	Kupang		locality	1
85111	102021397	Kupang		locality	14
85117	102021397	Kupang		locality	1
85228	102021397	Kupang		locality	6
85361	102021397	Kupang		locality	5
85511	102019011	Soe		locality	10
86111	102019807	Maumere		locality	1
86181	102019807	Maumere		locality	2
86261	102019973	Lewoleba		locality	1
86315	102020547	Ende		locality	2
86412	102021037	Bajawa		locality	1
86413	102021037	Bajawa		locality	1
86415	102021037	Bajawa		locality	1
86513	102019853	Manggarai		locality	2
86531	102021397	Kupang		locality	1
86554	890498613	Labuhan Bajo		locality	1
86754	890500719	Labuan Bajo		locality	1
87111	102018647	Waingapu		locality	10
87112	102018647	Waingapu		locality	3
87113	102018647	Waingapu		locality	1
87200	102018649	Waikabubak		locality	1
87211	102018649	Waikabubak		locality	3
90111	102018665	Ujungpandang		locality	2
90114	102018665	Ujungpandang		locality	1
90135	102018665	Ujungpandang		locality	1
90145	102018665	Ujungpandang		locality	1
90154	102018665	Ujungpandang		locality	1
90161	102018921	Sungguminasa		locality	1
90163	102018665	Ujungpandang		locality	1
90174	102018665	Ujungpandang		locality	1
90222	102018665	Ujungpandang		locality	5
90224	102018665	Ujungpandang		locality	5
90231	102018665	Ujungpandang		locality	4
90233	102018665	Ujungpandang		locality	1
90234	102018665	Ujungpandang		locality	1
90241	102018665	Ujungpandang		locality	10
90242	102018665	Ujungpandang		locality	1
90243	102018665	Ujungpandang		locality	2
90244	102018665	Ujungpandang		locality	2
90245	102018665	Ujungpandang		locality	4
90552	102019829	Maros		locality	1
90561	102019829	Maros		locality	1
90761	102020945	Barru		locality	1
90953	102020883	Belawa		locality	2
91111	1141909229	Pare-Pare		locality	1
91131	102019529	Pare-Pare		locality	2
91132	102019529	Pare-Pare		locality	2
91141	1141909229	Pare-Pare		locality	1
91211	102019409	Pinrang		locality	2
91261	102019409	Pinrang		locality	5
91354	102019393	Polewali		locality	1
91611	102019559	Pangkajene		locality	1
91661	102021263	Lawawoi		locality	2
91711	102020545	Enrekang		locality	1
91712	102020545	Enrekang		locality	1
91752	102020545	Enrekang		locality	28
91752S	102020545	Enrekang		locality	1
91753	102020545	Enrekang		locality	2
91762	102020545	Enrekang		locality	1
91831	102019291	Rantepao		locality	1
91994	102020879	Belopa		locality	1
92153	102022123	Gowa		locality	1
92412	102020965	Bantaeng		locality	1
92511	102020775	Bulukumba		locality	1
92512	102020775	Bulukumba		locality	9
92571	102020775	Bulukumba		locality	1
92721	102018621	Watampone		locality	1
92721	102021295	Ponre		locality	1
92983	102019177	Sorowako		locality	1
93121	102020197	Kendari		locality	1
93664	102019715	Muna		locality	1
93725	102020905	Baubau		locality	2
94113	102019597	Palu		locality	1
94221	102019597	Palu		locality	1
94511	102018715	Tolitoli		locality	1
94619	102019373	Poso		locality	1
94715	102019927	Luwuk		locality	1
95111	102019871	Manado		locality	5
95115	102019871	Manado		locality	6
95123	102019871	Manado		locality	3
95362	102018705	Tomohon		locality	2
95415	102018705	Tomohon		locality	4
95441	102018705	Tomohon		locality	1
95513	102020831	Bitung		locality	1
95522	102020831	Bitung		locality	2
95711	1125854807	Kotamobagu		locality	1
95716	102020115	Kotamobagu		locality	1
96112	102020497	Gorontalo		locality	1
96115	102020497	Gorontalo		locality	2
96139	102020497	Gorontalo		locality	2
96583	102020497	Gorontalo		locality	2
97124	102021087	Ambon		locality	2
97128	102021087	Ambon		locality	1
97234	102021087	Ambon		locality	1
97592	890498617	Saparua		locality	3
97762	102018725	Tobelo		locality	1
97812	1125894443	Tidore		locality	5
97813	1125894443	Tidore		locality	4
98111	102020855	Biak		locality	2
98211	102019079	Serui		locality	1
98311	102019841	Manokwari		locality	1
98600	102020541	Fakfak		locality	2
98812	1125894443	Tidore		locality	1
126754	102020997	Bangkinang		locality	1
151416	102021535	Banten		locality	1
282894	102019475	Pekanbaru		locality	2
402652	102021015	Bandung		locality	1
533381	102019341	Purbolinggo		locality	1
552977	102018575	Special Region of Yogyakarta	DIY	locality	1
555551	890494611	Turi		locality	1
846484	102022493	Empang		locality	1
853653	102019123	Selong		locality	1
