雲林縣	890468837	虎尾鎮		locality	1
７０1	890471629	台南市		locality	1
７００	890471629	台南市		locality	1
41	890471629	台南市		locality	1
45	890471629	台南市		locality	1
46	102026643	Tainan City		locality	1
50	890471629	台南市		locality	1
53	890471629	台南市		locality	3
59	890471629	台南市		locality	1
72	102026643	Tainan City		locality	1
100	1125867167	Taipei		locality	106
103	1125867167	Taipei		locality	27
104	1125867167	Taipei		locality	156
105	102026641	Taipei		locality	21
106	1125867167	Taipei		locality	296
107	1125867167	Taipei		locality	1
108	1125867167	Taipei		locality	39
110	1125867167	Taipei		locality	29
110	102026641	Taipei		locality	17
111	102026641	Taipei		locality	120
111	1125867167	Taipei		locality	69
111	890469231	桃園市		locality	1
112	102026641	Taipei		locality	61
112	102026681	Beitou		locality	4
114	102026641	Taipei		locality	96
115	102026641	Taipei		locality	35
116	1125867167	Taipei		locality	41
180	1125867167	Taipei		locality	3
200	890470811	基隆市		locality	11
201	890470811	基隆市		locality	6
201	102026749	Keelung City		locality	1
202	890470811	基隆市		locality	7
203	102026749	Keelung City		locality	10
204	890470811	基隆市		locality	6
205	890470811	基隆市		locality	15
206	890470811	基隆市		locality	3
220	102026665	Banqiao District		locality	8
235	102026665	Banqiao District		locality	12
235	890471865	中和市		locality	1
241	102026669	Sanchong District		locality	3
251	102026635	Danshui		locality	4
260	102026707	Ilan City		locality	7
261	890471915	頭城鎮		locality	4
262	102026707	Ilan City		locality	1
265	890470937	羅東鎮		locality	8
270	890469947	蘇澳鎮		locality	1
300	102026725	Hsinchu City		locality	116
302	102026743	Zhubei		locality	22
302	102026725	Hsinchu City		locality	1
302	890468171	竹北市		locality	1
305	890472001	新埔鎮		locality	1
306	890467971	關西鎮		locality	1
310	890468279	竹東鎮		locality	2
312	890469231	桃園市		locality	1
320	890469231	桃園市		locality	69
320	890471027	中壢市		locality	8
320	102026747	Zhongli District		locality	3
324	890469231	桃園市		locality	7
325	890469231	桃園市		locality	13
326	890469231	桃園市		locality	18
327	890469231	桃園市		locality	2
330	890469231	桃園市		locality	68
330	1125867167	Taipei		locality	1
333	890469231	桃園市		locality	132
334	890469231	桃園市		locality	7
334	890470923	八德市		locality	6
335	890469231	桃園市		locality	12
335	102026631	Taoyuan District		locality	1
336	890469231	桃園市		locality	3
337	890469231	桃園市		locality	12
338	890469231	桃園市		locality	5
350	890470685	竹南鎮		locality	2
351	102026627	Toufen Township		locality	3
351	890469161	頭份鎮		locality	3
357	890471449	通霄鎮		locality	1
358	890470813	苑裡鎮		locality	1
360	890469301	苗栗市		locality	3
360	102026689	Miaoli		locality	1
400	102026649	Taichung		locality	1
401	102026649	Taichung		locality	59
402	102026649	Taichung		locality	4
403	102026649	Taichung		locality	42
404	102026649	Taichung		locality	5
404	890468197	台中市		locality	3
406	102026649	Taichung		locality	6
407	102026649	Taichung		locality	26
407	890468197	台中市		locality	6
408	102026649	Taichung		locality	14
408	890468197	台中市		locality	1
411	102026649	Taichung		locality	447
412	102026649	Taichung		locality	386
412	102026647	Fengyuan		locality	1
413	102026611	Wufeng District		locality	124
413	102026649	Taichung		locality	11
414	102026649	Taichung		locality	7
420	102026649	Taichung		locality	41
420	890468197	台中市		locality	17
421	102026649	Taichung		locality	6
421	890468197	台中市		locality	2
422	102026649	Taichung		locality	451
423	102026649	Taichung		locality	118
424	102026649	Taichung		locality	2
426	102026769	Xinshequ		locality	8
426	102026649	Taichung		locality	5
427	102026649	Taichung		locality	4
427	890468197	台中市		locality	1
428	102026649	Taichung		locality	2
428	890468197	台中市		locality	1
432	102026649	Taichung		locality	1
433	890468197	台中市		locality	1
434	102026649	Taichung		locality	2
435	102026649	Taichung		locality	2
435	890468197	台中市		locality	1
436	102026649	Taichung		locality	4
436	890468197	台中市		locality	1
437	102026649	Taichung		locality	2
437	890468197	台中市		locality	1
500	102026761	Changhua		locality	25
505	102026695	Lukang		locality	5
508	890470139	和美鎮		locality	1
514	890470141	溪湖鎮		locality	1
520	890469159	田中鎮		locality	1
540	890469309	南投市		locality	2
542	890470591	草屯鎮		locality	2
545	102026675	Puli		locality	9
557	102026741	Zhushan		locality	4
600	102026757	Chiayi City		locality	73
612	890471919	太保市		locality	4
613	1141906821	Puzi		locality	1
632	890468837	虎尾鎮		locality	1
633	890471447	土庫鎮		locality	2
640	102026597	Touliu City		locality	12
700	102026643	Tainan City		locality	66
700	890471629	台南市		locality	32
701	102026643	Tainan City		locality	85
701	890471629	台南市		locality	44
702	102026643	Tainan City		locality	61
702	890471629	台南市		locality	12
704	890471629	台南市		locality	86
704	102026643	Tainan City		locality	27
708	890471629	台南市		locality	12
708	102026643	Tainan City		locality	1
709	890471629	台南市		locality	9
710	890471629	台南市		locality	16
710	102026643	Tainan City		locality	7
711	102026643	Tainan City		locality	14
711	890471629	台南市		locality	4
712	102026643	Tainan City		locality	8
713	102026643	Tainan City		locality	1
714	102026643	Tainan City		locality	2
715	102026643	Tainan City		locality	2
717	102026643	Tainan City		locality	5
717	890471629	台南市		locality	2
718	890471629	台南市		locality	18
720	102026643	Tainan City		locality	4
721	102026643	Tainan City		locality	1
722	102026643	Tainan City		locality	2
723	102026643	Tainan City		locality	3
725	102026643	Tainan City		locality	11
726	102026643	Tainan City		locality	1
730	102026643	Tainan City		locality	3
731	102026643	Tainan City		locality	1
732	102026643	Tainan City		locality	12
733	102026643	Tainan City		locality	2
735	102026643	Tainan City		locality	1
736	102026643	Tainan City		locality	2
737	102026643	Tainan City		locality	3
741	102026643	Tainan City		locality	23
744	102026643	Tainan City		locality	53
745	102026643	Tainan City		locality	1
800	102026701	Kaohsiung City		locality	12
801	102026701	Kaohsiung City		locality	2
802	102026701	Kaohsiung City		locality	17
803	102026701	Kaohsiung City		locality	50
804	102026701	Kaohsiung City		locality	55
805	102026701	Kaohsiung City		locality	1
806	102026701	Kaohsiung City		locality	24
807	102026701	Kaohsiung City		locality	45
811	102026701	Kaohsiung City		locality	35
812	102026701	Kaohsiung City		locality	12
813	102026701	Kaohsiung City		locality	206
814	102026701	Kaohsiung City		locality	1
815	102026701	Kaohsiung City		locality	5
820	102026701	Kaohsiung City		locality	3
821	102026701	Kaohsiung City		locality	6
822	102026701	Kaohsiung City		locality	1
824	102026701	Kaohsiung City		locality	9
825	102026701	Kaohsiung City		locality	47
826	102026701	Kaohsiung City		locality	12
828	102026701	Kaohsiung City		locality	1
830	102026701	Kaohsiung City		locality	6
830	890472055	Fongshan District		locality	3
831	102026701	Kaohsiung City		locality	1
832	102026701	Kaohsiung City		locality	2
833	102026701	Kaohsiung City		locality	1
840	102026701	Kaohsiung City		locality	1
842	102026701	Kaohsiung City		locality	8
843	102026701	Kaohsiung City		locality	2
880	890469299	馬公市		locality	3
900	102026677	Pingtung City		locality	4
920	890470129	潮州鎮		locality	7
940	102026739	Fangliao		locality	2
946	102026735	Hengchun		locality	4
950	102026785	Taitung City		locality	10
961	890470133	成功鎮		locality	1
970	102026715	Hualien City		locality	57
971	102026715	Hualien City		locality	2
971	890471541	花蓮市		locality	1
974	102026659	Shoufeng		locality	1
975	890468997	鳳林鎮		locality	2
981	102026599	Yuli		locality	3
1039	102026611	Wufeng District		locality	1
10001	1125867167	Taipei		locality	1
10005	1125867167	Taipei		locality	1
10006	1125867167	Taipei		locality	1
10007	1125867167	Taipei		locality	1
10008	1125867167	Taipei		locality	1
10012	1125867167	Taipei		locality	1
10013	1125867167	Taipei		locality	1
10014	1125867167	Taipei		locality	1
10015	1125867167	Taipei		locality	1
10016	1125867167	Taipei		locality	2
10018	1125867167	Taipei		locality	3
10020	1125867167	Taipei		locality	1
10041	1125867167	Taipei		locality	30
10042	1125867167	Taipei		locality	19
10043	1125867167	Taipei		locality	7
10044	1125867167	Taipei		locality	21
10045	1125867167	Taipei		locality	36
10046	1125867167	Taipei		locality	30
10047	1125867167	Taipei		locality	55
10048	1125867167	Taipei		locality	40
10049	1125867167	Taipei		locality	10
10050	1125867167	Taipei		locality	14
10051	1125867167	Taipei		locality	3
10052	1125867167	Taipei		locality	5
10053	1125867167	Taipei		locality	5
10054	1125867167	Taipei		locality	3
10055	1125867167	Taipei		locality	1
10056	1125867167	Taipei		locality	1
10058	1125867167	Taipei		locality	10
10061	1125867167	Taipei		locality	1
10062	1125867167	Taipei		locality	2
10065	1125867167	Taipei		locality	30
10066	1125867167	Taipei		locality	26
10067	1125867167	Taipei		locality	1
10068	1125867167	Taipei		locality	3
10069	1125867167	Taipei		locality	8
10070	102026641	Taipei		locality	5
10074	1125867167	Taipei		locality	18
10075	1125867167	Taipei		locality	18
10075 臺北市重慶南路2段45號	1125867167	Taipei		locality	1
10076	1125867167	Taipei		locality	2
10078	1125867167	Taipei		locality	7
10079	1125867167	Taipei		locality	1
10081	1125867167	Taipei		locality	2
10084	1125867167	Taipei		locality	10
10085	1125867167	Taipei		locality	2
10086	1125867167	Taipei		locality	1
10087	1125867167	Taipei		locality	4
10088	1125867167	Taipei		locality	3
10089	1125867167	Taipei		locality	3
10090	1125867167	Taipei		locality	7
10091	1125867167	Taipei		locality	15
10092	1125867167	Taipei		locality	6
10093	1125867167	Taipei		locality	1
10341	1125867167	Taipei		locality	8
10345	1125867167	Taipei		locality	1
10346	1125867167	Taipei		locality	1
10347	1125867167	Taipei		locality	1
10349	1125867167	Taipei		locality	6
10351	1125867167	Taipei		locality	7
10352	1125867167	Taipei		locality	3
10354	1125867167	Taipei		locality	4
10356	1125867167	Taipei		locality	3
10357	1125867167	Taipei		locality	1
10358	1125867167	Taipei		locality	1
10359	1125867167	Taipei		locality	2
10360	1125867167	Taipei		locality	1
10361	1125867167	Taipei		locality	1
10362	1125867167	Taipei		locality	1
10365	1125867167	Taipei		locality	1
10367	1125867167	Taipei		locality	2
10371	1125867167	Taipei		locality	2
10402	102026641	Taipei		locality	1
10410	1125867167	Taipei		locality	1
10412	1125867167	Taipei		locality	4
10441	1125867167	Taipei		locality	3
10444	1125867167	Taipei		locality	3
10446	1125867167	Taipei		locality	17
10448	1125867167	Taipei		locality	5
10449	1125867167	Taipei		locality	1
10450	1125867167	Taipei		locality	3
10451	1125867167	Taipei		locality	6
10452	1125867167	Taipei		locality	3
10456	1125867167	Taipei		locality	1
10457	1125867167	Taipei		locality	6
10458	1125867167	Taipei		locality	1
10461	102026641	Taipei		locality	2
10462	102026641	Taipei		locality	6
10463	102026641	Taipei		locality	4
10464	102026641	Taipei		locality	2
10465	102026641	Taipei		locality	2
10466	102026641	Taipei		locality	1
10467	1125867167	Taipei		locality	2
10468	1125867167	Taipei		locality	1
10469	1125867167	Taipei		locality	1
10470	1125867167	Taipei		locality	2
10472	102026641	Taipei		locality	1
10477	1125867167	Taipei		locality	1
10478	102026641	Taipei		locality	3
10481	1125867167	Taipei		locality	2
10482	102026641	Taipei		locality	3
10483	1125867167	Taipei		locality	2
10485	1125867167	Taipei		locality	2
10486	1125867167	Taipei		locality	9
10488	1125867167	Taipei		locality	1
10489	1125867167	Taipei		locality	5
10490	1125867167	Taipei		locality	2
10491	1125867167	Taipei		locality	7
10492	1125867167	Taipei		locality	4
10543	102026641	Taipei		locality	1
10544	102026641	Taipei		locality	2
10547	102026641	Taipei		locality	2
10548	102026641	Taipei		locality	2
10550	102026641	Taipei		locality	4
10552	102026641	Taipei		locality	2
10553	102026641	Taipei		locality	1
10554	102026641	Taipei		locality	2
10559	102026641	Taipei		locality	2
10560	102026641	Taipei		locality	1
10565	102026641	Taipei		locality	2
10566	102026641	Taipei		locality	9
10567	102026641	Taipei		locality	5
10569	102026641	Taipei		locality	1
10585	102026641	Taipei		locality	1
10595	102026641	Taipei		locality	1
10603	1125867167	Taipei		locality	1
10617	1125867167	Taipei		locality	3
10634	1125867167	Taipei		locality	1
10641	1125867167	Taipei		locality	1
10642	1125867167	Taipei		locality	2
10643	1125867167	Taipei		locality	7
10644	1125867167	Taipei		locality	1
10645	1125867167	Taipei		locality	3
10647	1125867167	Taipei		locality	6
10649	1125867167	Taipei		locality	1
10650	1125867167	Taipei		locality	3
10652	1125867167	Taipei		locality	1
10653	1125867167	Taipei		locality	1
10654	1125867167	Taipei		locality	1
10656	1125867167	Taipei		locality	1
10659	1125867167	Taipei		locality	3
10663	1125867167	Taipei		locality	1
10665	1125867167	Taipei		locality	3
10666	1125867167	Taipei		locality	2
10667	1125867167	Taipei		locality	2
10668	1125867167	Taipei		locality	1
10669	1125867167	Taipei		locality	5
10669	102026641	Taipei		locality	1
10671	1125867167	Taipei		locality	3
10672	1125867167	Taipei		locality	2
10673	1125867167	Taipei		locality	14
10675	1125867167	Taipei		locality	1
10676	1125867167	Taipei		locality	1
10681	1125867167	Taipei		locality	1
10685	1125867167	Taipei		locality	2
10686	1125867167	Taipei		locality	2
10687	1125867167	Taipei		locality	1
10688	1125867167	Taipei		locality	4
10689	1125867167	Taipei		locality	2
10691	1125867167	Taipei		locality	4
10694	102026641	Taipei		locality	4
10802	1125867167	Taipei		locality	1
10807	1125867167	Taipei		locality	1
10841	1125867167	Taipei		locality	2
10842	1125867167	Taipei		locality	3
10843	1125867167	Taipei		locality	3
10844	1125867167	Taipei		locality	15
10845	1125867167	Taipei		locality	11
10846	1125867167	Taipei		locality	5
10847	1125867167	Taipei		locality	2
10848	1125867167	Taipei		locality	2
10849	1125867167	Taipei		locality	2
10851	1125867167	Taipei		locality	1
10852	1125867167	Taipei		locality	4
10856	1125867167	Taipei		locality	1
10857	1125867167	Taipei		locality	1
10862	1125867167	Taipei		locality	3
10863	1125867167	Taipei		locality	2
10864	1125867167	Taipei		locality	1
10869	1125867167	Taipei		locality	1
10872	1125867167	Taipei		locality	1
10881	1125867167	Taipei		locality	1
10884	1125867167	Taipei		locality	2
11001	102026641	Taipei		locality	1
11008	102026641	Taipei		locality	1
11010	102026641	Taipei		locality	1
11011	102026641	Taipei		locality	3
11012	102026641	Taipei		locality	5
11025	102026641	Taipei		locality	1
11031	102026641	Taipei		locality	3
11047	102026641	Taipei		locality	3
11049	102026641	Taipei		locality	8
11051	102026641	Taipei		locality	3
11060	102026641	Taipei		locality	1
11061	102026641	Taipei		locality	2
11065	102026641	Taipei		locality	4
11072	102026641	Taipei		locality	5
11073	102026641	Taipei		locality	12
11075	102026641	Taipei		locality	1
11080	102026641	Taipei		locality	2
11085	102026641	Taipei		locality	3
11087	102026641	Taipei		locality	4
11088	102026641	Taipei		locality	1
11111	102026641	Taipei		locality	1
11114	102026641	Taipei		locality	1
11141	102026641	Taipei		locality	1
11143	102026641	Taipei		locality	7
11144	102026641	Taipei		locality	2
11155	102026641	Taipei		locality	1
11157	102026641	Taipei		locality	2
11158	102026641	Taipei		locality	5
11162	102026641	Taipei		locality	1
11163	102026641	Taipei		locality	1
11169	102026641	Taipei		locality	2
11174	1125867167	Taipei		locality	1
11192	102026641	Taipei		locality	2
11193	102026641	Taipei		locality	2
11202	102026641	Taipei		locality	1
11241	102026641	Taipei		locality	1
11243	102026641	Taipei		locality	4
11244	102026641	Taipei		locality	1
11246	102026641	Taipei		locality	15
11247	102026641	Taipei		locality	3
11248	102026641	Taipei		locality	1
11252	102026641	Taipei		locality	15
11256	102026641	Taipei		locality	1
11260	1125867167	Taipei		locality	2
11263	102026641	Taipei		locality	8
11264	102026641	Taipei		locality	2
11268	102026641	Taipei		locality	2
11270	102026641	Taipei		locality	1
11291	102026641	Taipei		locality	1
11442	102026641	Taipei		locality	1
11446	102026641	Taipei		locality	1
11466	102026641	Taipei		locality	2
11485	102026641	Taipei		locality	1
11486	102026641	Taipei		locality	1
11490	102026641	Taipei		locality	1
11491	102026641	Taipei		locality	1
11493	102026641	Taipei		locality	2
11494	102026641	Taipei		locality	13
11529	102026641	Taipei		locality	1
11558	102026641	Taipei		locality	8
11561	102026641	Taipei		locality	6
11562	102026641	Taipei		locality	1
11564	102026641	Taipei		locality	1
11567	102026641	Taipei		locality	2
11568	102026641	Taipei		locality	2
11571	102026641	Taipei		locality	2
11573	102026641	Taipei		locality	2
11574	102026641	Taipei		locality	2
11575	102026641	Taipei		locality	2
11581	102026641	Taipei		locality	1
11605	1125867167	Taipei		locality	2
11643	1125867167	Taipei		locality	1
11645	1125867167	Taipei		locality	1
11653	1125867167	Taipei		locality	1
11656	102026641	Taipei		locality	7
11658	1125867167	Taipei		locality	1
11660	1125867167	Taipei		locality	1
11662	1125867167	Taipei		locality	1
11666	1125867167	Taipei		locality	3
11669	1125867167	Taipei		locality	4
11670	1125867167	Taipei		locality	53
11671	1125867167	Taipei		locality	19
11673	1125867167	Taipei		locality	8
11674	1125867167	Taipei		locality	72
11675	1125867167	Taipei		locality	6
11676	1125867167	Taipei		locality	2
11677	1125867167	Taipei		locality	2
11678	1125867167	Taipei		locality	4
11681	1125867167	Taipei		locality	12
11684	1125867167	Taipei		locality	7
11687	1125867167	Taipei		locality	5
11689	1125867167	Taipei		locality	1
11694	1125867167	Taipei		locality	1
11696	1125867167	Taipei		locality	4
11698	1125867167	Taipei		locality	2
20018	890470811	基隆市		locality	1
20040	890470811	基隆市		locality	1
20041	890470811	基隆市		locality	5
20042	890470811	基隆市		locality	8
20043	890470811	基隆市		locality	2
20044	890470811	基隆市		locality	3
20045	890470811	基隆市		locality	6
20047	890470811	基隆市		locality	1
20048	890470811	基隆市		locality	4
20050	890470811	基隆市		locality	1
20101	890470811	基隆市		locality	1
20103	890470811	基隆市		locality	1
20141	890470811	基隆市		locality	2
20144	890470811	基隆市		locality	1
20145	890470811	基隆市		locality	1
20146	890470811	基隆市		locality	3
20147	890470811	基隆市		locality	4
20150	890470811	基隆市		locality	1
20202	890470811	基隆市		locality	1
20241	890470811	基隆市		locality	10
20242	890470811	基隆市		locality	1
20243	890470811	基隆市		locality	1
20246	890470811	基隆市		locality	2
20248	890470811	基隆市		locality	20
20249	890470811	基隆市		locality	4
20250	890470811	基隆市		locality	2
20251	890470811	基隆市		locality	2
20341	890470811	基隆市		locality	1
20342	890470811	基隆市		locality	2
20343	890470811	基隆市		locality	1
20345	102026749	Keelung City		locality	3
20346	102026749	Keelung City		locality	2
20347	102026749	Keelung City		locality	1
20348	102026749	Keelung City		locality	2
20349	890470811	基隆市		locality	2
20441	890470811	基隆市		locality	1
20443	890470811	基隆市		locality	2
20446	102026749	Keelung City		locality	1
20448	890470811	基隆市		locality	1
20541	890470811	基隆市		locality	2
20543	890470811	基隆市		locality	3
20545	890470811	基隆市		locality	1
20547	890470811	基隆市		locality	1
20644	890470811	基隆市		locality	1
20646	890470811	基隆市		locality	2
20650	890470811	基隆市		locality	1
20845	102026749	Keelung City		locality	1
22147	102026731	Xizhi District		locality	1
24142	102026669	Sanchong District		locality	1
24144	102026669	Sanchong District		locality	1
26058	102026707	Ilan City		locality	1
26243	102026753	Jiaosi		locality	1
26541	890470937	羅東鎮		locality	4
26542	890470937	羅東鎮		locality	2
26548	890470937	羅東鎮		locality	2
26550	890470937	羅東鎮		locality	1
30010	102026725	Hsinchu City		locality	3
30012	102026725	Hsinchu City		locality	2
30046	102026725	Hsinchu City		locality	1
30048	102026725	Hsinchu City		locality	1
30052	102026725	Hsinchu City		locality	4
30053	102026725	Hsinchu City		locality	3
30054	102026725	Hsinchu City		locality	2
30055	102026725	Hsinchu City		locality	1
30060	102026725	Hsinchu City		locality	2
30062	102026725	Hsinchu City		locality	1
30070	102026725	Hsinchu City		locality	2
30072	102026725	Hsinchu City		locality	4
30076	102026725	Hsinchu City		locality	1
30077	102026725	Hsinchu City		locality	1
30078	102026725	Hsinchu City		locality	1
30082	102026725	Hsinchu City		locality	1
30091	102026725	Hsinchu City		locality	1
30264	102026743	Zhubei		locality	3
31040	102026725	Hsinchu City		locality	1
31061	890468279	竹東鎮		locality	1
32003	102026631	Taoyuan District		locality	6
32003	890469231	桃園市		locality	1
32023	102026747	Zhongli District		locality	1
32023	890469231	桃園市		locality	1
32041	890469231	桃園市		locality	7
32042	890469231	桃園市		locality	1
32043	890469231	桃園市		locality	2
32046	890469231	桃園市		locality	4
32055	890469231	桃園市		locality	1
32058	890469231	桃園市		locality	3
32072	890469231	桃園市		locality	1
32073	890469231	桃園市		locality	1
32083	890469231	桃園市		locality	9
32085	890469231	桃園市		locality	14
32086	890469231	桃園市		locality	2
32088	102026747	Zhongli District		locality	1
32441	890469231	桃園市		locality	2
32447	890469231	桃園市		locality	1
32448	890469231	桃園市		locality	1
32465	890469231	桃園市		locality	2
32543	890469231	桃園市		locality	1
32550	890469231	桃園市		locality	1
32552	890469231	桃園市		locality	1
32557	890469231	桃園市		locality	1
32559	890469231	桃園市		locality	1
32560	890469231	桃園市		locality	2
32649	890469231	桃園市		locality	3
32651	890469231	桃園市		locality	1
32655	890469231	桃園市		locality	1
32658	890469231	桃園市		locality	1
32666	890469231	桃園市		locality	1
32745	890469231	桃園市		locality	1
32844	890469231	桃園市		locality	1
32847	890469231	桃園市		locality	2
32849	890469231	桃園市		locality	1
33041	890469231	桃園市		locality	3
33042	890469231	桃園市		locality	2
33044	890469231	桃園市		locality	5
33045	890469231	桃園市		locality	3
33046	890469231	桃園市		locality	1
33047	890469231	桃園市		locality	3
33048	890469231	桃園市		locality	3
33049	890469231	桃園市		locality	6
33050	890469231	桃園市		locality	13
33051	890469231	桃園市		locality	1
33052	890469231	桃園市		locality	1
33053	890469231	桃園市		locality	2
33055	890469231	桃園市		locality	1
33056	890469231	桃園市		locality	1
33058	890469231	桃園市		locality	1
33065	890469231	桃園市		locality	6
33066	890469231	桃園市		locality	6
33068	890469231	桃園市		locality	1
33069	890469231	桃園市		locality	1
33301	890469231	桃園市		locality	1
33306	890469231	桃園市		locality	1
33343	890469231	桃園市		locality	1
33347	890469231	桃園市		locality	1
33348	890469231	桃園市		locality	2
33350	890469231	桃園市		locality	1
33351	890469231	桃園市		locality	2
33352	890469231	桃園市		locality	1
33354	890469231	桃園市		locality	1
33379	890469231	桃園市		locality	1
33380	890469231	桃園市		locality	2
33383	890469231	桃園市		locality	3
33442	890469231	桃園市		locality	3
33446	890469231	桃園市		locality	1
33447	890469231	桃園市		locality	1
33451	890469231	桃園市		locality	2
33458	890469231	桃園市		locality	1
33462	890469231	桃園市		locality	1
33463	890469231	桃園市		locality	1
33464	102026631	Taoyuan District		locality	1
33543	890469231	桃園市		locality	4
33550	890469231	桃園市		locality	1
33556	890469231	桃園市		locality	4
33742	890469231	桃園市		locality	1
33743	890469231	桃園市		locality	2
33744	890469231	桃園市		locality	3
33748	890469231	桃園市		locality	2
33755	890469231	桃園市		locality	1
33756	890469231	桃園市		locality	1
33758	890469231	桃園市		locality	6
33845	890469231	桃園市		locality	2
33857	890469231	桃園市		locality	1
33859	890469231	桃園市		locality	1
33861	890469231	桃園市		locality	1
33862	890469231	桃園市		locality	1
35056	890470685	竹南鎮		locality	1
35741	890471449	通霄鎮		locality	2
35860	890470813	苑裡鎮		locality	1
36001	890469301	苗栗市		locality	1
36003	102026689	Miaoli		locality	1
36046	890469301	苗栗市		locality	4
36047	102026689	Miaoli		locality	1
36056	890469301	苗栗市		locality	1
36057	102026689	Miaoli		locality	3
40001	102026649	Taichung		locality	2
40041	102026649	Taichung		locality	12
40042	102026649	Taichung		locality	13
40043	102026649	Taichung		locality	7
40044	102026649	Taichung		locality	12
40045	102026649	Taichung		locality	18
40046	102026649	Taichung		locality	21
40141	102026649	Taichung		locality	2
40142	102026649	Taichung		locality	3
40143	102026649	Taichung		locality	4
40144	102026649	Taichung		locality	12
40145	102026649	Taichung		locality	1
40146	102026649	Taichung		locality	13
40147	102026649	Taichung		locality	4
40149	102026649	Taichung		locality	2
40150	102026649	Taichung		locality	7
40151	102026649	Taichung		locality	1
40152	102026649	Taichung		locality	3
40153	102026649	Taichung		locality	11
40154	102026649	Taichung		locality	7
40201	102026649	Taichung		locality	2
40241	102026649	Taichung		locality	2
40242	102026649	Taichung		locality	4
40243	102026649	Taichung		locality	1
40244	102026649	Taichung		locality	1
40245	102026649	Taichung		locality	4
40246	102026649	Taichung		locality	7
40247	102026649	Taichung		locality	4
40248	102026649	Taichung		locality	3
40249	102026649	Taichung		locality	4
40250	102026649	Taichung		locality	7
40252	102026649	Taichung		locality	4
40253	102026649	Taichung		locality	1
40254	102026649	Taichung		locality	7
40255	102026649	Taichung		locality	1
40256	102026649	Taichung		locality	12
40306	102026649	Taichung		locality	1
40341	102026649	Taichung		locality	12
40342	102026649	Taichung		locality	13
40343	102026649	Taichung		locality	9
40344	102026649	Taichung		locality	5
40345	102026649	Taichung		locality	9
40346	102026649	Taichung		locality	2
40347	102026649	Taichung		locality	2
40348	102026649	Taichung		locality	1
40350	102026649	Taichung		locality	4
40351	102026649	Taichung		locality	6
40352	102026649	Taichung		locality	9
40353	102026649	Taichung		locality	11
40354	102026649	Taichung		locality	7
40355	102026649	Taichung		locality	6
40356	102026649	Taichung		locality	18
40357	102026649	Taichung		locality	3
40358	102026649	Taichung		locality	1
40359	102026649	Taichung		locality	6
40360	102026649	Taichung		locality	27
40360	890468197	台中市		locality	2
40361	102026649	Taichung		locality	11
40402	102026649	Taichung		locality	1
40403	102026649	Taichung		locality	1
40441	102026649	Taichung		locality	3
40442	102026649	Taichung		locality	2
40443	102026649	Taichung		locality	6
40444	102026649	Taichung		locality	7
40445	102026649	Taichung		locality	4
40446	102026649	Taichung		locality	8
40447	102026649	Taichung		locality	2
40448	102026649	Taichung		locality	10
40449	102026649	Taichung		locality	10
40450	102026649	Taichung		locality	1
40451	102026649	Taichung		locality	3
40452	102026649	Taichung		locality	9
40453	102026649	Taichung		locality	10
40454	102026649	Taichung		locality	5
40455	102026649	Taichung		locality	8
40456	102026649	Taichung		locality	4
40457	102026649	Taichung		locality	3
40458	102026649	Taichung		locality	13
40459	102026649	Taichung		locality	3
40460	102026649	Taichung		locality	6
40461	102026649	Taichung		locality	8
40462	102026649	Taichung		locality	7
40463	102026649	Taichung		locality	5
40464	102026649	Taichung		locality	3
40465	102026649	Taichung		locality	9
40466	102026649	Taichung		locality	6
40601	102026649	Taichung		locality	1
40641	102026649	Taichung		locality	11
40642	102026649	Taichung		locality	4
40643	102026649	Taichung		locality	2
40644	102026649	Taichung		locality	1
40645	102026649	Taichung		locality	7
40646	102026649	Taichung		locality	3
40647	102026649	Taichung		locality	3
40649	102026649	Taichung		locality	3
40650	102026649	Taichung		locality	3
40651	102026649	Taichung		locality	12
40652	102026649	Taichung		locality	7
40653	102026649	Taichung		locality	14
40654	102026649	Taichung		locality	13
40661	102026649	Taichung		locality	10
40662	102026649	Taichung		locality	2
40663	102026649	Taichung		locality	2
40666	102026649	Taichung		locality	12
40667	102026649	Taichung		locality	3
40668	102026649	Taichung		locality	3
40669	102026649	Taichung		locality	1
40670	102026649	Taichung		locality	1
40673	102026649	Taichung		locality	10
40674	102026649	Taichung		locality	3
40675	102026649	Taichung		locality	3
40676	102026649	Taichung		locality	15
40677	102026649	Taichung		locality	5
40678	102026649	Taichung		locality	3
40679	102026649	Taichung		locality	6
40680	102026649	Taichung		locality	3
40681	102026649	Taichung		locality	2
40682	102026649	Taichung		locality	3
40701	102026649	Taichung		locality	3
40704	102026649	Taichung		locality	3
40705	102026649	Taichung		locality	9
40708	102026649	Taichung		locality	1
40709	102026649	Taichung		locality	1
40721	102026649	Taichung		locality	2
40724	102026649	Taichung		locality	5
40741	102026649	Taichung		locality	37
40742	102026649	Taichung		locality	61
40743	102026649	Taichung		locality	30
40744	102026649	Taichung		locality	97
40745	102026649	Taichung		locality	39
40746	102026649	Taichung		locality	40
40747	102026649	Taichung		locality	24
40748	102026649	Taichung		locality	19
40749	102026649	Taichung		locality	30
40750	102026649	Taichung		locality	17
40751	102026649	Taichung		locality	8
40752	102026649	Taichung		locality	2
40753	102026649	Taichung		locality	24
40754	102026649	Taichung		locality	8
40755	102026649	Taichung		locality	26
40756	102026649	Taichung		locality	49
40757	102026649	Taichung		locality	64
40758	102026649	Taichung		locality	29
40759	102026649	Taichung		locality	11
40760	102026649	Taichung		locality	72
40761	102026649	Taichung		locality	8
40762	102026649	Taichung		locality	23
40763	102026649	Taichung		locality	36
40764	102026649	Taichung		locality	57
40765	102026649	Taichung		locality	33
40765	890468197	台中市		locality	1
40766	102026649	Taichung		locality	11
40767	102026649	Taichung		locality	18
40768	102026649	Taichung		locality	5
40841	102026649	Taichung		locality	9
40842	102026649	Taichung		locality	1
40843	102026649	Taichung		locality	1
40844	102026649	Taichung		locality	3
40848	102026649	Taichung		locality	20
40849	102026649	Taichung		locality	4
40850	102026649	Taichung		locality	3
40851	102026649	Taichung		locality	4
40852	102026649	Taichung		locality	8
40854	102026649	Taichung		locality	5
40855	102026649	Taichung		locality	9
40857	102026649	Taichung		locality	2
40858	102026649	Taichung		locality	5
40859	102026649	Taichung		locality	23
40861	102026649	Taichung		locality	29
40862	102026649	Taichung		locality	1
40863	102026649	Taichung		locality	2
40864	102026649	Taichung		locality	6
40866	102026649	Taichung		locality	6
40867	102026649	Taichung		locality	7
40869	102026649	Taichung		locality	10
40871	102026649	Taichung		locality	1
40873	102026649	Taichung		locality	15
40874	102026649	Taichung		locality	8
40876	102026649	Taichung		locality	3
40877	102026649	Taichung		locality	2
40878	102026649	Taichung		locality	5
41142	102026649	Taichung		locality	3
41144	102026649	Taichung		locality	1
41145	102026649	Taichung		locality	4
41147	102026649	Taichung		locality	1
41148	102026649	Taichung		locality	2
41150	102026649	Taichung		locality	4
41151	102026649	Taichung		locality	10
41152	102026649	Taichung		locality	5
41153	102026649	Taichung		locality	6
41155	102026649	Taichung		locality	18
41156	102026649	Taichung		locality	7
41157	102026649	Taichung		locality	7
41160	102026649	Taichung		locality	4
41162	102026649	Taichung		locality	5
41165	102026649	Taichung		locality	2
41167	102026649	Taichung		locality	1
41168	102026649	Taichung		locality	4
41169	102026649	Taichung		locality	34
41170	102026649	Taichung		locality	6
41171	102026649	Taichung		locality	13
41172	102026649	Taichung		locality	5
41175	102026649	Taichung		locality	3
41180	102026649	Taichung		locality	1
41199	102026649	Taichung		locality	1
41245	102026649	Taichung		locality	1
41247	102026649	Taichung		locality	1
41248	102026649	Taichung		locality	1
41254	102026649	Taichung		locality	1
41256	102026649	Taichung		locality	3
41258	102026649	Taichung		locality	1
41261	102026649	Taichung		locality	2
41263	102026649	Taichung		locality	2
41264	102026649	Taichung		locality	1
41266	102026649	Taichung		locality	19
41267	102026649	Taichung		locality	2
41270	102026649	Taichung		locality	8
41271	102026649	Taichung		locality	1
41279	102026649	Taichung		locality	1
41280	102026649	Taichung		locality	16
41283	102026649	Taichung		locality	6
41284	102026649	Taichung		locality	1
41341	102026649	Taichung		locality	4
41343	102026611	Wufeng District		locality	1
41344	102026611	Wufeng District		locality	2
41349	102026649	Taichung		locality	5
41363	102026649	Taichung		locality	4
41364	102026649	Taichung		locality	1
41401	102026649	Taichung		locality	1
41441	102026649	Taichung		locality	1
41442	102026649	Taichung		locality	1
41443	102026649	Taichung		locality	1
41445	102026649	Taichung		locality	1
41451	102026649	Taichung		locality	1
41452	102026649	Taichung		locality	1
41453	102026649	Taichung		locality	2
41454	102026649	Taichung		locality	1
41456	102026649	Taichung		locality	2
41457	102026649	Taichung		locality	1
41458	102026649	Taichung		locality	1
41465	102026649	Taichung		locality	1
41474	102026649	Taichung		locality	1
42003	102026649	Taichung		locality	1
42007	102026649	Taichung		locality	1
42041	102026649	Taichung		locality	1
42043	890468197	台中市		locality	1
42044	102026649	Taichung		locality	1
42048	102026649	Taichung		locality	2
42051	102026649	Taichung		locality	1
42054	102026649	Taichung		locality	1
42055	102026649	Taichung		locality	1
42056	102026649	Taichung		locality	4
42059	102026649	Taichung		locality	1
42060	102026649	Taichung		locality	1
42074	102026649	Taichung		locality	1
42075	102026649	Taichung		locality	1
42080	102026649	Taichung		locality	1
42081	102026649	Taichung		locality	3
42082	890468197	台中市		locality	1
42082	102026649	Taichung		locality	1
42084	102026649	Taichung		locality	1
42086	102026649	Taichung		locality	1
42087	102026649	Taichung		locality	1
42144	102026649	Taichung		locality	2
42152	102026649	Taichung		locality	1
42156	102026649	Taichung		locality	7
42343	102026649	Taichung		locality	1
42351	102026649	Taichung		locality	12
42413	102026649	Taichung		locality	1
42444	102026649	Taichung		locality	2
42450	102026649	Taichung		locality	1
42645	102026649	Taichung		locality	3
42702	102026649	Taichung		locality	1
42743	102026649	Taichung		locality	7
42751	102026649	Taichung		locality	1
42752	102026649	Taichung		locality	2
42755	102026649	Taichung		locality	2
42756	102026649	Taichung		locality	1
42758	102026649	Taichung		locality	3
42848	102026649	Taichung		locality	2
42849	102026649	Taichung		locality	1
42854	102026649	Taichung		locality	1
42856	102026649	Taichung		locality	13
42867	102026649	Taichung		locality	1
42869	102026649	Taichung		locality	3
42872	102026649	Taichung		locality	1
42875	102026649	Taichung		locality	1
42878	102026649	Taichung		locality	5
42880	102026649	Taichung		locality	2
42943	102026649	Taichung		locality	1
42945	102026649	Taichung		locality	1
42946	102026649	Taichung		locality	3
42951	102026649	Taichung		locality	1
42954	102026649	Taichung		locality	2
42955	102026649	Taichung		locality	7
43241	102026649	Taichung		locality	4
43242	102026649	Taichung		locality	10
43244	102026649	Taichung		locality	1
43245	102026649	Taichung		locality	6
43246	102026649	Taichung		locality	1
43247	102026649	Taichung		locality	1
43251	102026649	Taichung		locality	1
43252	102026649	Taichung		locality	5
43301	102026649	Taichung		locality	1
43303	102026649	Taichung		locality	1
43306	102026649	Taichung		locality	1
43341	102026649	Taichung		locality	8
43342	102026649	Taichung		locality	10
43343	102026649	Taichung		locality	3
43344	102026649	Taichung		locality	4
43345	102026649	Taichung		locality	2
43346	102026649	Taichung		locality	5
43347	102026649	Taichung		locality	4
43348	102026649	Taichung		locality	1
43349	102026649	Taichung		locality	1
43350	102026649	Taichung		locality	7
43351	102026649	Taichung		locality	3
43352	102026649	Taichung		locality	4
43353	102026649	Taichung		locality	5
43354	102026649	Taichung		locality	6
43391	102026649	Taichung		locality	1
43401	102026649	Taichung		locality	1
43444	102026649	Taichung		locality	2
43447	102026649	Taichung		locality	2
43448	102026649	Taichung		locality	1
43449	102026649	Taichung		locality	1
43450	102026649	Taichung		locality	4
43452	102026649	Taichung		locality	11
43491	102026649	Taichung		locality	2
43501	102026649	Taichung		locality	2
43541	102026649	Taichung		locality	5
43545	102026649	Taichung		locality	3
43545	890468197	台中市		locality	1
43641	102026649	Taichung		locality	1
43642	102026649	Taichung		locality	5
43643	102026649	Taichung		locality	6
43644	102026649	Taichung		locality	1
43645	102026649	Taichung		locality	3
43646	102026649	Taichung		locality	2
43647	102026649	Taichung		locality	2
43648	102026649	Taichung		locality	3
43650	102026649	Taichung		locality	1
43652	102026649	Taichung		locality	1
43653	102026649	Taichung		locality	5
43654	102026649	Taichung		locality	2
43655	102026649	Taichung		locality	4
43741	102026649	Taichung		locality	9
43742	102026649	Taichung		locality	4
43743	102026649	Taichung		locality	2
43744	102026649	Taichung		locality	4
43745	102026649	Taichung		locality	3
43746	102026649	Taichung		locality	13
43747	102026649	Taichung		locality	4
43748	102026649	Taichung		locality	6
43749	102026649	Taichung		locality	5
43755	102026649	Taichung		locality	1
43761	102026649	Taichung		locality	4
43765	102026649	Taichung		locality	1
43767	102026649	Taichung		locality	2
43769	102026649	Taichung		locality	2
43770	102026649	Taichung		locality	1
43771	102026649	Taichung		locality	2
43857	102026649	Taichung		locality	8
43859	102026649	Taichung		locality	1
43865	102026649	Taichung		locality	1
43951	102026649	Taichung		locality	6
43952	102026649	Taichung		locality	1
43953	102026649	Taichung		locality	2
43963	102026649	Taichung		locality	1
50001	890471031	彰化市		locality	1
50004	102026761	Changhua		locality	1
50009	102026761	Changhua		locality	1
50046	102026761	Changhua		locality	1
50047	102026761	Changhua		locality	1
50049	102026761	Changhua		locality	3
50050	890471031	彰化市		locality	16
50053	102026761	Changhua		locality	1
50054	102026761	Changhua		locality	1
50057	890471031	彰化市		locality	1
50058	102026761	Changhua		locality	3
50059	102026761	Changhua		locality	1
50060	890471031	彰化市		locality	1
50061	102026761	Changhua		locality	1
50072	102026761	Changhua		locality	8
50074	890471031	彰化市		locality	1
50091	102026761	Changhua		locality	1
50094	890471031	彰化市		locality	3
50097	102026761	Changhua		locality	1
50542	102026695	Lukang		locality	1
50544	890471595	鹿港鎮		locality	1
50546	102026695	Lukang		locality	2
50551	102026695	Lukang		locality	1
50563	102026695	Lukang		locality	1
50569	102026695	Lukang		locality	1
50570	102026695	Lukang		locality	1
50571	102026695	Lukang		locality	1
54067	890469309	南投市		locality	1
54544	102026675	Puli		locality	1
54558	890472007	埔里鎮		locality	1
60002	102026757	Chiayi City		locality	1
60041	102026757	Chiayi City		locality	2
60043	102026757	Chiayi City		locality	3
60044	102026757	Chiayi City		locality	1
60045	102026757	Chiayi City		locality	1
60049	102026757	Chiayi City		locality	1
60054	102026757	Chiayi City		locality	1
60059	102026757	Chiayi City		locality	1
60069	102026757	Chiayi City		locality	1
60070	102026757	Chiayi City		locality	2
60072	102026757	Chiayi City		locality	1
60074	102026757	Chiayi City		locality	3
60075	102026757	Chiayi City		locality	1
60078	102026757	Chiayi City		locality	1
60081	102026757	Chiayi City		locality	1
61345	1141906821	Puzi		locality	1
62249	890469121	大林鎮		locality	3
70011	102026643	Tainan City		locality	1
70041	102026643	Tainan City		locality	1
70043	890471629	台南市		locality	1
70043	102026643	Tainan City		locality	1
70044	102026643	Tainan City		locality	1
70047	102026643	Tainan City		locality	1
70049	102026643	Tainan City		locality	1
70050	102026643	Tainan City		locality	2
70101	102026643	Tainan City		locality	22
70102	102026643	Tainan City		locality	1
70131	890471629	台南市		locality	2
70141	102026643	Tainan City		locality	1
70143	890471629	台南市		locality	6
70143	102026643	Tainan City		locality	3
70146	102026643	Tainan City		locality	5
70146	890471629	台南市		locality	4
70154	102026643	Tainan City		locality	1
70157	102026643	Tainan City		locality	2
70158	102026643	Tainan City		locality	1
70160	102026643	Tainan City		locality	1
70161	890471629	台南市		locality	1
70163	890471629	台南市		locality	1
70174	102026643	Tainan City		locality	1
70175	102026643	Tainan City		locality	1
70448	102026643	Tainan City		locality	1
70449	102026643	Tainan City		locality	1
70457	102026643	Tainan City		locality	1
70801	102026643	Tainan City		locality	1
70848	102026643	Tainan City		locality	2
70963	890471629	台南市		locality	1
70963	102026643	Tainan City		locality	1
70970	102026643	Tainan City		locality	1
71002	102026643	Tainan City		locality	1
71005	102026643	Tainan City		locality	20
71073	102026643	Tainan City		locality	1
71075	102026643	Tainan City		locality	1
71080	102026643	Tainan City		locality	1
71082	102026643	Tainan City		locality	1
71084	890471629	台南市		locality	1
71088	890471629	台南市		locality	1
71742	102026643	Tainan City		locality	1
72041	102026643	Tainan City		locality	2
72044	102026643	Tainan City		locality	1
72045	102026643	Tainan City		locality	1
72148	102026643	Tainan City		locality	1
72345	102026643	Tainan City		locality	1
72346	102026643	Tainan City		locality	1
73010	102026643	Tainan City		locality	1
73211	102026643	Tainan City		locality	1
73242	102026643	Tainan City		locality	4
73256	102026643	Tainan City		locality	1
74147	102026643	Tainan City		locality	3
74444	102026643	Tainan City		locality	1
74447	102026643	Tainan City		locality	1
74449	102026643	Tainan City		locality	4
80027	102026701	Kaohsiung City		locality	1
80049	102026701	Kaohsiung City		locality	5
80078	102026701	Kaohsiung City		locality	1
80148	102026701	Kaohsiung City		locality	1
80201	102026701	Kaohsiung City		locality	8
80245	102026701	Kaohsiung City		locality	3
80248	102026701	Kaohsiung City		locality	1
80249	102026701	Kaohsiung City		locality	1
80264	102026701	Kaohsiung City		locality	2
80272	102026701	Kaohsiung City		locality	1
80274	102026701	Kaohsiung City		locality	1
80343	102026701	Kaohsiung City		locality	2
80453	102026701	Kaohsiung City		locality	1
80454	102026701	Kaohsiung City		locality	6
80457	102026701	Kaohsiung City		locality	2
80460	102026701	Kaohsiung City		locality	1
80469	102026701	Kaohsiung City		locality	3
80470	102026701	Kaohsiung City		locality	1
80541	102026701	Kaohsiung City		locality	1
80658	102026701	Kaohsiung City		locality	1
80660	102026701	Kaohsiung City		locality	1
80661	102026701	Kaohsiung City		locality	1
80748	102026701	Kaohsiung City		locality	2
80750	102026701	Kaohsiung City		locality	1
80754	102026701	Kaohsiung City		locality	1
80765	102026701	Kaohsiung City		locality	1
80768	102026701	Kaohsiung City		locality	1
80774	102026701	Kaohsiung City		locality	1
80789	102026701	Kaohsiung City		locality	1
80794	102026701	Kaohsiung City		locality	15
81045	102026701	Kaohsiung City		locality	1
81149	102026701	Kaohsiung City		locality	4
81149 高雄市楠梓區右昌街617號	102026701	Kaohsiung City		locality	1
81152	102026701	Kaohsiung City		locality	1
81153	102026701	Kaohsiung City		locality	9
81154	102026701	Kaohsiung City		locality	4
81160	102026701	Kaohsiung City		locality	3
81161	102026701	Kaohsiung City		locality	2
81162	102026701	Kaohsiung City		locality	4
81163	102026701	Kaohsiung City		locality	1
81165	102026701	Kaohsiung City		locality	1
81166	102026701	Kaohsiung City		locality	3
81242	102026701	Kaohsiung City		locality	2
81246	102026701	Kaohsiung City		locality	1
81248	102026701	Kaohsiung City		locality	1
81267	102026701	Kaohsiung City		locality	1
81268	102026701	Kaohsiung City		locality	2
81273	102026701	Kaohsiung City		locality	1
81325	102026701	Kaohsiung City		locality	1
81343	102026701	Kaohsiung City		locality	1
81347	102026701	Kaohsiung City		locality	3
81355	102026701	Kaohsiung City		locality	15
81357	102026701	Kaohsiung City		locality	7
81358	102026701	Kaohsiung City		locality	6
81359	102026701	Kaohsiung City		locality	3
81360	102026701	Kaohsiung City		locality	5
81361	102026701	Kaohsiung City		locality	2
81362	102026701	Kaohsiung City		locality	8
81363	102026701	Kaohsiung City		locality	6
81366	102026701	Kaohsiung City		locality	1
81367	102026701	Kaohsiung City		locality	2
81368	102026701	Kaohsiung City		locality	1
81369	102026701	Kaohsiung City		locality	1
81455	102026701	Kaohsiung City		locality	7
81456	102026701	Kaohsiung City		locality	1
81463	102026701	Kaohsiung City		locality	9
81464	102026701	Kaohsiung City		locality	2
81544	102026701	Kaohsiung City		locality	1
81546	102026701	Kaohsiung City		locality	1
81547	102026701	Kaohsiung City		locality	6
82051	102026701	Kaohsiung City		locality	1
82063	102026701	Kaohsiung City		locality	1
82307	102026701	Kaohsiung City		locality	1
82541	102026701	Kaohsiung City		locality	3
82543	102026701	Kaohsiung City		locality	2
82546	102026701	Kaohsiung City		locality	2
82548	102026701	Kaohsiung City		locality	4
82549	102026701	Kaohsiung City		locality	2
83002	102026701	Kaohsiung City		locality	1
83054	102026701	Kaohsiung City		locality	1
83067	102026701	Kaohsiung City		locality	1
83069	102026701	Kaohsiung City		locality	1
83079	102026701	Kaohsiung City		locality	1
83080	102026701	Kaohsiung City		locality	1
83101	102026701	Kaohsiung City		locality	1
84241	102026701	Kaohsiung City		locality	1
84243	102026701	Kaohsiung City		locality	1
84244	102026701	Kaohsiung City		locality	1
84247	102026701	Kaohsiung City		locality	1
84256	102026701	Kaohsiung City		locality	1
84941	102026701	Kaohsiung City		locality	1
85243	102026701	Kaohsiung City		locality	1
90086	890471999	屏東市		locality	1
95001	102026785	Taitung City		locality	1
95002	102026785	Taitung City		locality	1
95043	102026785	Taitung City		locality	1
95044	102026785	Taitung City		locality	1
95047	102026785	Taitung City		locality	3
95047	890468321	Taitung City		locality	1
95050	102026785	Taitung City		locality	1
95051	102026785	Taitung City		locality	1
95060	102026785	Taitung City		locality	2
95062	102026785	Taitung City		locality	1
95063	102026785	Taitung City		locality	1
95642	890470695	關山鎮		locality	20
95651	890470695	關山鎮		locality	2
95653	890470695	關山鎮		locality	3
95655	890470695	關山鎮		locality	1
95657	890470695	關山鎮		locality	1
95661	890470695	關山鎮		locality	1
95662	890470695	關山鎮		locality	5
95664	890470695	關山鎮		locality	1
96141	890470133	成功鎮		locality	7
96142	890470133	成功鎮		locality	3
96143	890470133	成功鎮		locality	6
96145	890470133	成功鎮		locality	7
97002	102026715	Hualien City		locality	1
97041	102026715	Hualien City		locality	1
97049	102026715	Hualien City		locality	2
97052	102026715	Hualien City		locality	1
97054	102026715	Hualien City		locality	2
97055	102026715	Hualien City		locality	10
97057	890471541	花蓮市		locality	2
97068	102026715	Hualien City		locality	1
97071	102026715	Hualien City		locality	1
97074	102026715	Hualien City		locality	1
97365	102026715	Hualien City		locality	1
97401	102026659	Shoufeng		locality	3
97441	890469929	志學村		locality	2
830019	102026701	Kaohsiung City		locality	1
